date,AAPL,XOM,JPM,WMT,PFE,AMZN,BAC,T
2024-09-30,231.067078,109.943108,202.357712,79.302559,25.270224,186.330002,37.958549,20.067354
2024-10-01,224.333389,112.484863,198.691757,79.813240,25.034466,185.130005,37.518509,20.185930
2024-10-02,224.898682,113.976151,198.931656,78.988289,24.982071,184.759995,37.528069,20.240664
2024-10-03,223.797882,114.970367,196.954712,78.988289,24.746305,181.960007,37.547199,20.112957
2024-10-04,224.918503,117.080688,203.945374,79.489151,24.955877,186.509995,38.369892,19.985258
2024-10-07,219.850922,117.587173,203.665344,77.682129,25.497255,180.800003,38.226402,19.866680
2024-10-08,223.897064,114.463882,203.491562,78.281204,25.479794,182.720001,38.197701,19.939651
2024-10-09,227.635773,114.510765,206.069595,78.958839,26.361715,185.169998,38.446423,20.003498
2024-10-10,227.139923,115.495605,205.509583,78.182991,25.619505,186.649994,38.235966,19.604391
2024-10-11,225.662292,115.936417,214.634094,78.664215,25.462326,188.820007,40.130070,19.742973
2024-10-14,229.381195,116.377251,213.852005,78.850800,25.392473,187.539993,40.091801,19.641350
2024-10-15,231.910034,112.878792,214.730667,80.186432,25.706825,187.690002,40.311829,19.872311
2024-10-16,229.857208,113.169548,215.937607,79.764137,25.907658,186.889999,40.943192,20.057085
2024-10-17,230.224121,112.878792,216.690735,79.440048,25.558382,187.529999,40.751865,20.075562
2024-10-18,233.050491,112.559906,217.608017,79.852516,25.514717,188.990005,40.484016,20.186426
2024-10-21,234.518188,112.625557,215.319656,79.361488,25.261496,189.070007,39.948311,20.010889
2024-10-22,233.903336,113.207069,216.401062,80.549797,25.182907,189.699997,40.464886,19.863075
2024-10-23,228.845657,112.803764,215.715530,81.777382,25.200373,184.710007,40.503147,20.777699
2024-10-24,228.657242,112.165977,217.231445,81.551514,25.008266,186.380005,40.799694,20.509779
2024-10-25,229.490265,112.072182,214.653397,81.031013,24.842363,187.830002,40.072670,20.167950
2024-10-28,231.463760,111.518822,217.733551,81.266708,25.200373,188.389999,40.771000,20.426634
2024-10-29,231.731522,109.999374,215.223083,80.235527,24.851091,190.830002,40.684902,20.491302
2024-10-30,228.191132,109.446007,216.681076,79.931091,24.903484,192.729996,40.474449,20.343483
2024-10-31,224.035904,109.530426,214.276825,80.481049,24.711382,186.399994,40.005707,20.823895
2024-11-01,221.060776,107.814018,215.261719,80.716751,24.528009,197.929993,39.948311,20.435867
2024-11-04,220.168259,111.246811,212.210541,80.972092,24.239855,195.779999,39.536964,20.251095
2024-11-05,221.596313,111.575081,213.861664,82.180038,24.440689,199.500000,40.063110,20.371199
2024-11-06,220.872330,113.488449,238.550995,81.944344,23.890581,207.089996,43.439964,20.620644
2024-11-07,225.592865,113.629143,228.238861,82.346992,23.977896,210.050003,42.827728,20.361961
2024-11-08,225.324814,113.591621,228.818146,83.309433,23.694136,208.179993,43.172112,20.639120
2024-11-11,222.614471,112.991348,231.048599,82.700539,23.268492,206.839996,44.080898,20.611406
2024-11-12,222.614471,112.878792,231.309311,83.466553,23.224157,208.910004,43.870445,20.463585
2024-11-13,223.498077,113.929268,232.854218,83.967415,23.694136,214.100006,43.880013,20.602163
2024-11-14,226.575729,114.004921,233.539749,82.955879,23.073406,211.479996,43.908707,20.555973
2024-11-15,223.378952,112.822884,236.861282,82.739815,21.991562,202.610001,44.721832,20.953230
2024-11-18,226.377182,113.768509,236.590897,82.572868,22.044769,201.699997,44.693130,21.239634
2024-11-19,226.635315,112.179863,234.717728,85.047699,22.257591,204.610001,44.396580,20.999428
2024-11-20,227.350128,113.777977,232.487305,85.617294,22.115709,202.880005,44.061756,21.091814
2024-11-21,226.873566,115.300438,236.330215,86.805611,22.284191,198.380005,44.444412,21.230392
2024-11-22,228.213837,115.168037,239.989700,88.818863,22.745308,197.119995,44.960983,21.415167
2024-11-25,231.192215,113.446999,241.669754,87.895706,23.206421,201.449997,45.439293,21.341257
2024-11-26,233.366455,111.555748,241.360779,89.673264,22.851719,207.860001,45.678444,21.332018
2024-11-27,233.237381,111.262611,241.186966,90.233055,22.904922,205.740005,45.697578,21.498312
2024-11-29,235.620117,111.546280,241.119400,90.841934,23.241890,207.889999,45.448849,21.396688
2024-12-02,237.863831,111.442268,237.768890,90.979431,22.896055,210.710007,44.999252,20.971716
2024-12-03,240.901779,111.272049,236.388168,91.833832,22.665495,213.440002,44.788792,21.932528
2024-12-04,241.259171,108.066383,235.017059,92.756981,22.372869,218.160004,44.358315,21.738518
2024-12-05,241.288956,108.539185,237.025421,93.591759,22.789648,220.550003,44.960983,22.015676
2024-12-06,241.090393,107.394981,238.840683,93.984573,22.816248,227.029999,44.970604,22.061871
2024-12-09,244.972229,106.761414,235.412933,92.148094,23.144348,226.089996,44.162579,21.590702
2024-12-10,245.984879,106.543907,234.495651,92.855194,22.674366,225.039993,44.008663,21.720039
2024-12-11,244.714111,105.834694,235.142563,93.257835,22.372869,230.259995,44.326107,21.692324
2024-12-12,246.173508,105.740120,233.211441,92.403442,22.497017,228.970001,44.326107,21.581461
2024-12-13,246.342285,104.813408,231.676224,92.765648,22.683233,227.460007,43.931705,21.830904
2024-12-16,249.231323,102.572273,231.328629,93.375885,22.390602,232.929993,43.739323,21.101053
2024-12-17,251.653748,102.137291,230.150635,93.917213,23.436977,231.149994,43.335304,21.091814
2024-12-18,246.262863,100.633743,222.435806,92.076675,22.958128,220.520004,41.844307,20.768461
2024-12-19,247.990326,99.773224,224.936630,91.929031,22.851719,223.289993,41.728874,20.851610
2024-12-20,252.656479,100.113640,229.416840,90.787300,23.374905,224.919998,42.488796,21.017902
2024-12-23,253.430847,100.520279,230.179611,88.927078,23.685265,225.059998,42.219456,21.101053
2024-12-24,256.339752,100.614830,233.964615,91.220375,23.711872,229.050003,42.690811,21.202677
2024-12-26,257.153809,100.699928,234.766022,91.328636,23.552258,227.050003,42.854336,21.211918
2024-12-27,253.748535,100.690483,232.863876,90.216438,23.605461,223.750000,42.652332,21.119528
2024-12-30,250.382950,100.009628,231.077560,89.143608,23.428108,221.300003,42.238697,20.888565
2024-12-31,248.615784,101.721207,231.454132,88.927078,23.525652,219.389999,42.277172,21.036385
2025-01-02,242.093109,101.475342,231.734177,88.582581,23.596594,220.220001,42.604233,21.091814
2025-01-03,241.606659,101.995445,234.901184,89.350288,23.578857,224.190002,43.104439,20.943996
2025-01-06,243.234833,101.881966,233.755951,89.990067,23.844885,227.610001,43.671989,20.879326
2025-01-07,240.464951,102.837044,236.007584,89.379822,24.057705,222.110001,44.326107,20.509779
2025-01-08,240.951385,101.116013,235.968781,90.354240,23.818281,222.130005,44.451153,20.491302
2025-01-10,235.143555,100.747223,232.804794,91.535332,23.694136,218.940002,43.393024,20.292955
2025-01-13,232.711227,103.347694,237.016968,90.088478,23.765074,218.460007,43.344929,20.171328
2025-01-14,231.599274,103.754311,240.180954,89.360138,23.419243,217.759995,44.037521,20.395872
2025-01-15,236.156219,105.446983,244.917236,89.901474,23.250755,223.350006,45.307285,20.498785
2025-01-16,226.615463,105.267319,246.780685,89.862106,23.490179,220.660004,44.864788,20.601702
2025-01-17,228.323044,106.212952,251.526642,90.492027,23.321697,225.940002,44.758972,20.854311
2025-01-21,221.035919,105.409172,255.282654,91.614067,23.623194,230.710007,44.884029,21.041428
2025-01-22,222.217377,103.574654,255.098251,91.761719,23.064539,235.009995,44.047142,20.882380
2025-01-23,222.048599,104.160942,258.116638,92.332573,23.445847,235.419998,44.624306,21.078852
2025-01-24,221.174927,102.751953,257.039337,93.267609,23.517958,234.850006,44.749363,21.256613
2025-01-27,228.203918,104.179840,258.019623,95.866043,24.212048,235.419998,45.297657,22.585152
2025-01-28,236.543381,102.165657,259.271576,95.757774,24.112894,238.149994,45.057175,22.828405
2025-01-29,237.635483,102.761406,258.728058,95.964470,23.995708,237.070007,44.970604,22.669355
2025-01-30,235.878204,103.612473,260.329468,97.096359,24.257122,234.639999,44.941742,22.472883
2025-01-31,234.299667,101.021461,259.426849,96.614075,23.905567,237.679993,44.537727,22.201559
2025-02-03,226.367249,101.267311,258.951324,97.972328,23.617115,237.419998,44.451153,22.688068
2025-02-04,231.122726,103.981255,260.048004,99.182953,23.319647,242.059998,44.932117,22.688068
2025-02-05,230.795120,103.905617,262.464691,100.846336,23.833454,236.169998,45.316898,22.893898
2025-02-06,231.539703,102.534447,268.744080,101.230202,23.283587,238.830002,45.922920,22.875187
2025-02-07,225.989990,102.969437,267.676483,99.556976,23.202463,229.149994,45.595863,22.959391
2025-02-10,226.258301,104.936356,263.056702,101.299103,23.319647,233.139999,44.893646,23.258778
2025-02-11,231.197968,105.598289,266.890381,100.856194,23.013166,232.759995,45.009079,23.530100
2025-02-12,235.421982,102.421181,267.336853,101.978241,22.959082,228.929993,44.451153,23.726572
2025-02-13,240.053482,103.165375,268.181213,103.395569,23.112320,230.369995,44.566589,23.979183
2025-02-14,243.104736,103.270325,268.443237,102.401466,23.013166,228.679993,45.172607,24.203724
2025-02-18,242.975525,105.083084,271.704285,102.145569,23.040207,226.649994,44.758972,24.390841
2025-02-19,243.373062,105.235733,271.024902,102.362091,23.337675,226.630005,44.258762,24.549892
2025-02-20,244.327194,106.857681,258.941559,95.679024,23.346689,222.880005,43.575790,24.465689
2025-02-21,244.048920,105.607834,256.457031,93.287292,23.707256,216.580002,43.104439,24.905416
2025-02-24,245.589447,106.161201,253.642410,92.194778,24.022751,212.710007,42.767765,25.017689
2025-02-25,245.529800,104.691910,249.818466,96.151474,24.103878,212.800003,42.267555,24.933485
2025-02-26,238.890671,104.434303,251.167542,94.684921,23.815426,214.350006,42.267555,24.858637
2025-02-27,235.849350,105.092628,251.419861,95.265648,23.526970,208.740005,42.440704,25.167381
2025-02-28,240.361572,106.218445,256.854889,97.056976,23.824440,212.279999,44.345345,25.644533
2025-03-03,236.574890,102.812363,252.943619,96.053040,23.662186,205.020004,43.825897,25.934563
2025-03-04,234.487717,102.602455,242.879059,93.474304,23.211477,203.800003,41.045891,24.531181
2025-03-05,234.298889,100.598885,244.121353,94.468399,23.382744,208.360001,40.680363,24.493757
2025-03-06,233.891388,102.678795,239.278336,93.149498,23.653172,200.699997,39.881950,25.008333
2025-03-07,237.608536,104.014496,235.143814,90.275497,24.094864,199.250000,40.075554,25.373213
2025-03-10,226.089386,106.666870,225.380127,86.436920,24.013737,194.539993,38.555782,25.522907
2025-03-11,219.489975,104.148087,222.390869,86.062912,23.427814,196.589996,38.342812,24.334707
2025-03-12,215.653580,104.119446,221.187378,83.858185,23.175421,198.889999,38.633221,24.063385
2025-03-13,208.398178,103.680565,218.557205,83.169189,23.076263,193.889999,38.400898,24.409557
2025-03-14,212.184906,106.762276,225.593643,84.005814,23.184433,197.949997,39.581863,24.867994
2025-03-17,212.691788,108.536873,227.039764,86.082588,23.481901,195.740005,40.114269,25.101891
2025-03-18,211.389801,108.422386,228.049149,84.242035,23.716270,192.820007,40.317554,24.896063
2025-03-19,213.924194,110.111122,232.067184,84.970390,23.626129,195.539993,40.859638,25.111248
2025-03-20,212.791168,110.578621,231.970123,84.458572,23.608101,194.949997,41.121002,25.064466
2025-03-21,216.935684,110.196983,234.512970,84.858284,23.689228,196.210007,41.111324,25.279654
2025-03-24,219.380646,110.483208,240.753571,86.348587,23.563028,203.259995,41.692123,25.223515
2025-03-25,222.382172,111.236931,243.733170,83.654190,23.031193,205.710007,41.895409,25.550974
2025-03-26,220.175735,112.839806,243.636108,84.098335,22.724712,201.130005,41.450119,25.869072
2025-03-27,222.481583,112.477249,240.811798,84.512840,22.544428,201.360001,41.198448,26.383652
2025-03-28,216.567932,112.324608,235.697037,84.039116,22.724712,192.720001,39.930347,26.364939
2025-03-31,220.772079,113.469505,238.074890,86.644669,22.841894,190.259995,40.394997,26.458500
2025-04-01,221.825607,113.574455,236.483185,87.671097,22.120766,192.169998,40.162674,26.645615
2025-04-02,222.521317,113.221436,238.579559,88.588974,22.264990,196.009995,40.511158,26.327513
2025-04-03,201.947876,107.267944,221.954117,86.121590,21.895411,178.410004,36.029282,26.757887
2025-04-04,187.228394,99.549377,205.343445,82.104683,20.705538,171.000000,33.289810,24.924128
2025-04-07,180.350708,98.213661,209.405777,82.736336,20.399059,175.259995,34.441750,25.101891
2025-04-08,171.365982,96.143280,211.778717,80.722946,19.686937,170.660004,33.909328,24.690231
2025-04-09,197.634399,100.942345,228.838593,88.431046,20.272858,191.100006,35.961517,24.765078
2025-04-10,189.255920,95.341866,221.778320,89.427879,19.461584,181.220001,34.703102,24.952291
2025-04-11,196.938675,98.404480,230.654922,91.589310,19.750038,184.869995,34.799904,25.330500
2025-04-14,201.281982,98.642998,229.209656,93.494125,19.939335,182.119995,35.496868,25.718164
2025-04-15,200.904282,98.366310,227.656998,92.744041,20.227785,179.589996,36.774643,26.001820
2025-04-16,193.082397,99.406273,224.219620,90.000313,19.867222,174.330002,36.135757,25.547970
2025-04-17,195.775833,102.010918,226.514481,92.003830,19.957361,172.610001,36.213203,25.670887
2025-04-21,191.979156,100.512993,223.614197,91.204399,19.867222,167.320007,35.738873,24.895559
2025-04-22,198.518951,103.327560,230.059250,93.612564,20.308918,173.179993,37.094090,25.491236
2025-04-23,203.349258,102.440262,235.225082,93.721123,20.182716,180.600006,37.510330,25.708710
2025-04-24,207.096191,103.642418,238.896790,94.589645,20.534271,186.539993,38.313778,26.030188
2025-04-25,208.000641,103.585167,237.832382,93.849426,20.660467,188.990005,38.420258,25.349409
2025-04-28,208.855392,103.642418,237.510132,93.977730,20.777651,187.699997,38.507374,25.774895
2025-04-29,209.918839,103.384804,238.877258,94.787041,21.444702,187.389999,38.710659,25.812716
2025-04-30,211.200958,100.780151,238.877258,95.981239,22.003578,184.419998,38.604183,26.190926
2025-05-01,212.015945,100.923256,241.093964,96.139175,21.570898,190.199997,38.884899,26.134193
2025-05-02,204.094666,101.333527,246.582016,97.461685,21.814281,189.979996,39.756107,26.105825
2025-05-05,197.674149,98.528503,246.630875,98.034119,21.516813,186.350006,39.804508,26.011276
2025-05-06,197.296478,99.902397,243.398560,97.264297,20.624409,185.009995,39.533470,26.625864
2025-05-07,195.050293,99.806992,243.535278,97.540649,20.543287,188.710007,39.620586,26.569132
2025-05-08,196.282715,101.199951,247.519501,96.158913,20.705538,192.080002,40.269150,25.973452
2025-05-09,197.316345,102.383011,247.138657,95.688965,20.466698,193.059998,40.453072,26.323294
2025-05-12,209.776123,104.148087,253.945007,95.718651,21.210775,208.639999,41.972847,25.538515
2025-05-13,211.905853,104.434303,256.835541,94.857925,21.008680,211.369995,42.863411,25.009024
2025-05-14,211.308731,103.499298,259.403778,95.797791,20.227861,210.250000,43.308704,24.999567
2025-05-15,210.432968,104.548836,261.210358,95.322906,20.760654,205.169998,42.960220,25.841080
2025-05-16,210.243881,104.173317,261.278717,97.192764,20.971935,205.589996,43.260296,26.209831
2025-05-19,207.775803,102.517166,258.661621,97.074043,21.128099,206.160004,43.337742,26.493492
2025-05-20,205.865021,101.053604,259.442871,96.757462,21.605780,204.070007,43.260296,26.266565
2025-05-21,201.117981,99.811493,254.911804,95.402054,21.164846,201.119995,41.866367,25.973452
2025-05-22,200.391479,99.147118,254.550491,94.907387,21.164846,203.100006,41.924450,25.746527
2025-05-23,194.330780,99.204887,254.589539,95.313011,21.422054,200.990005,41.817966,25.926176
2025-05-27,199.247040,99.676689,259.062012,96.539803,21.688454,206.020004,42.805336,25.897810
2025-05-28,199.456024,98.319038,257.304260,96.203430,21.293451,204.720001,42.650459,26.001820
2025-05-29,198.988281,98.877510,258.163605,96.064919,21.541477,205.699997,42.824696,25.888355
2025-05-30,199.883957,98.501999,257.802307,97.667648,21.578222,205.009995,42.718216,26.285475
2025-06-02,200.729843,99.224144,258.446777,98.706444,21.550661,206.649994,42.669815,26.408394
2025-06-03,202.292313,99.946304,260.018982,98.914215,21.449617,205.710007,43.221581,26.436760
2025-06-04,201.844467,98.501999,258.017120,98.290924,21.486359,207.229996,42.940857,25.869448
2025-06-05,199.664993,98.049446,255.800430,96.915749,21.238335,207.910004,42.960220,26.247656
2025-06-06,202.939178,100.398842,259.491669,96.430962,21.449617,213.570007,43.787876,26.550222
2025-06-09,200.481049,101.072861,260.477936,96.411179,22.019156,216.979996,43.690498,26.342209
2025-06-10,201.695175,103.239326,262.294312,96.282570,22.322296,217.610001,43.904716,26.871698
2025-06-11,197.823898,105.251724,261.854858,94.778770,22.487648,213.199997,43.554180,26.796057
2025-06-12,198.241867,105.656136,261.942749,93.819107,22.818350,213.240005,43.447071,26.729872
2025-06-13,195.505112,107.957405,258.730011,93.433281,22.542765,212.100006,42.931007,26.654230
2025-06-16,197.465637,108.304039,264.012939,93.284874,22.414158,216.100006,43.242588,26.446213
2025-06-17,194.699020,109.767609,263.192719,93.245293,22.046713,214.820007,43.067322,26.143644
2025-06-18,195.634491,108.987686,267.528473,94.076332,21.936480,212.520004,43.875511,26.153103
2025-06-20,200.033218,110.441620,268.544037,95.095367,22.019156,209.690002,44.303940,26.257113
2025-06-23,200.530807,107.591507,271.737305,96.826706,22.074272,208.470001,45.082912,26.663687
2025-06-24,199.336594,104.317734,274.657104,96.955322,22.331484,212.770004,45.433449,26.739328
2025-06-25,200.590530,104.346634,277.391388,96.223206,22.285553,211.990005,45.618450,26.398937
2025-06-26,200.033218,105.906479,281.971252,94.996414,22.267181,217.119995,46.212421,26.474581
2025-06-27,200.112854,105.319122,280.369751,96.233101,22.221251,223.300003,45.881359,26.550222
2025-06-30,204.183151,103.797791,283.104034,96.737671,22.267181,219.389999,46.076096,27.363369
2025-07-01,206.820435,105.184319,283.592285,97.192764,23.002073,220.460007,46.884281,27.306639
2025-07-02,211.418198,106.927132,285.144989,96.569473,23.259285,219.919998,47.429558,26.767689
2025-07-03,212.522858,108.034431,290.443604,97.311485,23.314400,223.410004,47.643776,26.814968
2025-07-07,208.940186,106.984901,286.489227,98.290924,23.185793,223.470001,47.380867,26.862244
2025-07-08,208.999893,109.950562,277.471741,96.055016,23.534870,219.360001,45.910568,26.748783
2025-07-09,210.124451,109.575035,277.844666,95.778000,23.479752,222.539993,45.608715,26.569132
2025-07-10,211.388351,110.663078,282.780182,93.848793,23.681845,222.259995,45.735298,26.376230
2025-07-11,210.144363,111.144524,281.475159,93.393700,23.562426,225.020004,45.501606,25.755497
2025-07-14,207.616562,109.690582,283.280670,94.758980,23.286840,225.690002,45.832668,25.936943
2025-07-15,208.104218,108.718079,281.170990,94.373146,22.607069,226.350006,44.936855,25.803247
2025-07-16,209.149170,108.063332,280.454712,94.135696,22.607069,223.190002,44.820007,25.736401
2025-07-17,209.009827,107.514496,284.458099,94.076332,22.579510,223.880005,45.783985,25.774599
2025-07-18,210.164261,103.768898,285.802399,94.036766,22.478460,226.130005,46.076096,25.726851
2025-07-21,211.457993,104.038521,285.507996,94.650154,22.285553,229.300003,46.231895,26.147034
2025-07-22,213.368759,104.510323,285.959381,94.828247,23.093935,227.470001,46.514267,26.185234
2025-07-23,213.119965,105.848709,291.189331,94.660057,23.296028,228.289993,46.874538,26.500376
2025-07-24,212.731857,106.676781,290.983276,95.570236,23.286840,232.229996,47.117970,26.662720
2025-07-25,212.851273,106.301254,293.014404,96.430962,23.165361,231.440002,47.176395,26.739117
2025-07-28,213.020462,107.302650,292.680817,96.569473,22.716818,232.789993,46.962173,26.357130
2025-07-29,210.253845,108.689194,291.464081,97.281807,22.707474,231.009995,46.689541,26.175686
2025-07-30,208.044510,107.745575,294.005463,96.549690,22.249586,230.190002,46.699276,26.261631
2025-07-31,206.571640,107.495232,290.679108,96.935539,21.763666,234.110001,46.027412,26.175686
2025-08-01,201.406586,105.569489,283.938080,97.440102,21.950560,214.750000,44.459736,26.500376
2025-08-04,202.371933,103.383751,288.736237,98.528366,21.987936,211.649994,44.644741,26.433527
2025-08-05,201.943985,103.258583,285.900482,98.251358,23.127981,213.750000,44.362362,26.519474
2025-08-06,212.224289,102.555679,285.880859,102.258194,22.361723,222.309998,44.226044,26.252083
2025-08-07,218.971695,102.016472,281.553680,102.020744,22.642059,223.130005,43.739189,26.796413
2025-08-08,228.246857,102.834930,283.339539,102.624237,22.969124,222.690002,44.800533,26.815514
2025-08-11,226.343887,101.900932,284.124481,102.822098,22.969124,221.300003,44.946594,26.872810
2025-08-12,228.804794,102.189796,287.352722,102.515419,23.034536,221.470001,46.251369,27.197500
2025-08-13,232.471252,103.605209,285.076294,99.913445,23.511112,224.559998,45.998203,27.121101
2025-08-14,231.923279,103.393387,288.638153,99.774940,23.464390,230.979996,46.455841,27.455343
2025-08-15,230.737640,103.490562,285.037048,99.165077,23.492422,231.029999,45.706085,27.569939
2025-08-18,230.040237,103.714088,286.057526,99.859222,23.427010,231.490005,46.660328,27.617689
2025-08-19,229.711441,104.394363,285.203827,100.444305,23.660625,228.009995,46.816120,27.674984
2025-08-20,225.178177,105.473106,286.754150,101.713615,23.716694,223.809998,47.079018,27.961475
2025-08-21,224.072266,106.153404,285.998657,97.142105,24.053102,221.949997,46.991383,28.114271
2025-08-22,226.921738,108.145645,290.679108,96.021545,24.183926,228.839996,48.179314,27.474443
2025-08-25,226.323959,108.592690,289.364227,95.267891,23.492422,227.940002,48.179314,27.445791
2025-08-26,228.466049,108.349739,292.965393,95.248062,23.286840,228.710007,48.929073,27.273899
2025-08-27,229.641708,109.574249,293.662048,95.277809,23.427010,229.119995,49.055656,27.751383
2025-08-28,231.704102,110.157349,295.418427,95.307556,22.987814,231.600006,49.162773,27.636787
2025-08-29,231.285629,111.070877,295.761871,96.170296,23.137329,229.000000,49.406193,27.971027
2025-09-02,228.874557,111.459602,294.074158,97.033020,23.342909,225.339996,49.094604,27.770481
2025-09-03,237.592331,108.757904,293.887726,98.609749,23.165361,225.990005,48.744068,27.732283
2025-09-04,238.897507,109.234108,298.116821,100.087303,22.931747,235.679993,49.289349,28.247967
2025-09-05,238.807861,106.153404,288.854034,99.670815,23.249464,232.330002,48.731247,28.257517
2025-09-08,237.004517,106.755928,287.411621,101.426033,22.941090,235.839996,48.427715,27.598587
2025-09-09,233.487518,107.533394,292.258881,101.435951,23.090603,238.240005,49.240391,28.095171
2025-09-10,225.955322,109.331284,294.898376,99.571655,22.959778,230.330002,49.083736,27.885078
2025-09-11,229.183395,108.981430,299.824158,101.792946,23.230774,229.949997,49.690796,28.162020
2025-09-12,233.208542,109.000862,301.148834,102.625931,22.305656,228.149994,49.524342,28.238415
2025-09-15,235.828842,109.185516,303.101410,102.824272,22.399101,231.429993,49.534134,28.286165
2025-09-16,237.273514,111.449883,303.386017,102.556526,22.333689,234.050003,49.602673,28.009224
2025-09-17,238.110428,112.042709,305.897919,103.399422,22.473858,231.619995,50.327229,28.209768
2025-09-18,237.004517,110.721008,307.350189,102.735023,22.567303,231.229996,51.041996,27.885078
2025-09-19,244.596466,109.642281,308.871063,101.475624,22.455170,231.479996,51.159485,27.703634
2025-09-22,255.137512,108.864799,306.575012,101.961533,22.464516,227.630005,50.836376,27.617689
2025-09-23,253.493607,110.740448,306.869385,101.664032,22.548615,220.710007,50.620968,27.493544
2025-09-24,251.381393,111.333260,307.536591,101.872284,22.511236,220.210007,50.620968,27.044708
2025-09-25,255.924622,112.334251,307.566071,102.189606,22.053349,218.149994,50.767830,27.025606
2025-09-26,254.519806,113.918335,310.127045,102.298698,22.202864,219.779999,51.120323,27.035156
2025-09-29,253.493607,111.002846,309.764008,102.219360,22.286964,222.169998,51.325939,26.805962
2025-09-30,253.692886,109.574249,309.508850,102.199524,23.810141,219.570007,50.513268,26.968307
2025-10-01,254.509842,108.835640,304.877472,101.108704,25.426764,220.630005,49.622257,26.309380
2025-10-02,256.183655,108.155373,301.776794,100.850868,25.305285,222.410004,49.426430,25.793697
2025-10-03,257.070374,110.069885,304.210236,101.217796,25.576279,219.509995,49.583088,25.841446
2025-10-06,255.745270,110.983406,304.851105,101.842529,24.697884,220.899994,49.338306,24.705034
2025-10-07,255.536072,111.041718,303.381989,102.378021,24.548368,221.779999,49.240391,24.981976
2025-10-08,257.110260,110.808479,299.773254,102.040863,23.997034,225.220001,48.799786,25.067921
2025-10-09,253.105026,109.729744,301.252228,100.920296,23.585869,227.740005,48.750832,24.924675
2025-10-10,244.367325,107.611145,296.677216,100.989708,23.156017,216.369995,47.634628,24.971008
2025-10-13,246.748520,109.078613,303.658051,101.267372,23.109293,220.070007,47.840240,24.700739
2025-10-14,246.858109,109.127197,297.850525,106.314880,22.913057,216.389999,49.044571,25.221973
2025-10-15,248.422333,108.466354,301.409973,108.119682,22.791574,215.570007,51.188862,25.164059
2025-10-16,246.539276,107.523674,294.360107,105.581055,22.642059,214.470001,49.387260,25.289541
2025-10-17,251.361465,109.078613,293.393829,106.830544,22.903713,213.039993,50.209732,25.424677
2025-10-20,261.274841,109.525650,298.126587,106.156204,23.071917,216.479996,50.953873,25.193016
2025-10-21,261.802887,109.535370,292.930389,105.333145,23.221430,222.029999,50.444725,25.144753
2025-10-22,257.498810,111.479042,289.992096,106.245461,23.099947,217.949997,50.033489,24.662128
2025-10-23,258.624603,112.713280,290.416107,105.967796,23.053226,221.089996,50.679710,23.764448
2025-10-24,261.852722,112.139885,296.233490,105.283554,23.137329,224.210007,51.472809,24.266376
2025-10-27,267.820648,112.674408,299.891541,103.597763,23.146673,226.970001,51.913418,24.642824
2025-10-28,268.009949,111.790024,301.084595,102.308601,22.894367,229.250000,51.766544,24.806917
2025-10-29,268.707397,113.170036,301.232513,101.604530,22.698132,230.300003,51.482601,24.266376
2025-10-30,270.401123,111.459602,305.107483,101.376457,22.698132,222.860001,51.923206,23.822363
2025-10-31,269.374939,111.138901,306.763947,100.335220,23.034536,244.220001,52.334446,23.889927
2025-11-03,268.059784,110.555801,305.018768,100.741806,23.043880,254.000000,52.442150,23.677576
2025-11-04,269.046143,110.925087,304.920166,101.416115,22.707474,249.320007,52.422565,23.590704
2025-11-05,269.145813,110.478058,307.316132,100.622810,22.997158,250.199997,51.355312,23.706532
2025-11-06,268.777130,111.274956,309.031769,100.831047,23.221430,243.039993,52.177780,23.880278
2025-11-07,267.481934,113.918335,309.810699,101.733444,23.230938,244.410004,52.089661,23.967150
2025-11-10,268.698578,114.890175,312.453186,101.564865,23.192902,248.399994,52.305069,23.967150
2025-11-11,274.502808,116.406235,311.200928,102.576355,24.257931,249.100006,52.510685,24.304985
2025-11-12,272.727661,114.792992,315.923889,102.576355,24.600262,244.199997,52.980667,24.758652
2025-11-13,272.209076,115.444122,305.146973,101.683861,24.524189,237.580002,51.766544,24.855179
2025-11-14,271.670532,116.944038,299.359070,101.624367,23.830017,234.690002,51.511974,24.700739
2025-11-17,266.733978,115.365685,296.164459,102.090439,23.849037,232.869995,50.405560,24.584908
2025-11-18,266.713989,116.689140,295.217926,100.543472,24.200876,222.550003,50.562218,24.710392
2025-11-19,267.830994,115.042183,299.023834,99.769974,23.658852,222.690002,50.934288,24.391859
2025-11-20,265.527252,114.718674,294.202332,106.215706,23.202410,217.139999,49.935574,24.633171
2025-11-21,270.752991,114.777489,293.847351,104.440651,23.810999,220.690002,50.483891,25.028925
2025-11-24,275.171021,113.689323,293.827667,103.191170,23.982164,226.279999,50.846165,24.729696
2025-11-25,276.218170,112.258026,298.757660,106.106636,24.457624,229.669998,51.384686,24.961359
2025-11-26,276.796570,112.512917,303.332703,108.189102,24.448112,229.160004,51.884041,24.922747
2025-11-28,278.093048,113.640297,308.696503,109.587326,24.476641,233.220001,52.530273,25.115797
2025-12-01,282.331512,114.336342,304.594757,110.598801,24.029711,233.880005,52.128826,24.893789
2025-12-02,285.413116,113.110924,303.569336,111.471466,23.915600,234.419998,52.079865,24.633171
2025-12-03,283.378632,115.483337,307.759827,113.454765,24.314983,232.380005,52.961090,24.440121
2025-12-04,279.938019,114.836311,311.674255,113.881165,24.438604,229.110001,53.029625,24.507689
2025-12-05,278.023224,114.248116,310.629089,114.148911,24.752409,229.529999,53.098522,24.401512
2025-12-08,277.135681,113.699127,310.796692,112.611855,24.505169,226.889999,53.049309,23.976801
2025-12-09,276.427582,115.924484,296.302551,114.099335,24.086763,227.919998,52.694992,23.658270
2025-12-10,278.023224,117.189110,305.768066,112.235031,24.514679,231.779999,53.226471,23.542437
2025-12-11,277.275269,117.189110,312.936310,114.555489,24.533695,230.279999,53.698895,23.455564
2025-12-12,277.524597,116.483269,314.060364,115.961540,24.581244,226.190002,54.269733,23.725838
2025-12-15,273.365875,115.444122,315.539368,116.050980,25.132776,222.539993,54.456738,23.465219
2025-12-16,273.864532,112.424690,311.131958,114.689644,24.276949,222.559998,53.944946,23.233559
2025-12-17,271.102081,115.101006,310.569916,114.928131,23.810999,221.270004,53.689049,23.513481
2025-12-18,271.451111,114.248116,308.617676,114.103378,23.810999,226.759995,53.403625,23.416958
2025-12-19,272.927155,114.395157,312.768677,113.636345,23.953636,227.350006,54.397686,23.310780
2025-12-22,270.234436,115.826454,318.566345,111.887489,23.972654,228.429993,54.998058,23.455564
2025-12-23,271.620667,117.071472,321.366608,110.198242,23.658852,232.139999,55.086639,23.610004
2025-12-24,273.066711,116.875412,324.561249,110.903748,23.801491,232.380005,55.362217,23.803055
2025-12-26,272.657837,116.767570,323.318878,111.032936,23.858543,232.520004,55.283478,23.793404
2025-12-29,273.016876,118.159645,319.217133,111.817924,23.772963,232.070007,54.476421,23.909235
2025-12-30,272.338684,118.610596,318.891785,111.211784,23.763451,232.529999,54.407528,23.947844
2025-12-31,271.122009,117.973373,317.708557,110.705025,23.677870,230.820007,54.131947,23.976801
2026-01-02,270.274353,120.237953,320.922913,112.046478,23.944128,226.500000,55.066956,23.706532
2026-01-05,266.534546,122.894653,329.363098,111.996788,23.934618,233.059998,55.992115,23.851320
2026-01-06,261.647797,118.669426,331.413269,113.616470,24.181858,240.929993,56.346436,23.494177
2026-01-07,259.623322,116.159760,323.866058,112.006729,24.039219,241.559998,54.761845,23.137033
2026-01-08,258.336823,120.492844,326.639343,112.354507,24.048729,246.289993,55.293324,23.330086
2026-01-09,258.665924,122.159409,326.045074,113.805275,24.229403,247.380005,54.968533,23.156342
2026-01-12,259.543518,121.590813,321.389984,117.223503,24.029711,246.470001,54.318951,23.183683
2026-01-13,260.341370,124.051445,307.929810,119.598373,23.915600,242.600006,53.679207,22.753994
2026-01-14,259.254303,127.639473,304.928741,119.280403,24.324495,236.649994,51.651718,23.056730
2026-01-15,257.509064,126.590530,306.305481,118.445724,24.619278,238.179993,51.759983,23.173916
2026-01-16,254.836349,127.335571,309.484802,118.942558,24.391058,239.119995,52.133987,22.939541
2026-01-20,246.030319,127.894363,299.847748,117.958824,24.267441,231.000000,51.277714,22.900480
2026-01-21,246.977737,130.982422,299.154480,118.604713,24.619278,231.309998,51.248192,22.949306
2026-01-22,247.675842,131.011810,300.729248,117.084396,24.818974,234.339996,51.622196,23.027431
2026-01-23,247.366669,132.315674,294.875732,116.985023,24.799635,239.160004,50.903713,23.037199
2026-01-26,254.716690,132.188217,298.164032,116.895599,25.022009,238.419998,51.198982,22.900480
2026-01-27,257.568909,134.139084,297.440979,116.200027,25.621456,244.679993,51.346611,22.461025
2026-01-28,255.743866,134.874344,297.896545,115.832375,25.002674,243.009995,50.992294,23.505949
2026-01-29,257.578888,137.746704,303.492615,116.667053,25.234718,241.729996,52.242252,24.541109
2026-01-30,258.775665,138.619202,302.967682,118.386108,25.563446,239.300003,52.360355,25.595800
2026-02-02,269.277069,135.678207,305.196167,123.274963,25.776152,242.960007,53.177258,25.683691
2026-02-03,268.748505,140.903381,311.842072,126.901871,24.915657,238.619995,53.590630,26.201273
2026-02-04,275.739410,144.687469,314.238953,127.190033,25.892174,232.990005,54.505955,26.582132
2026-02-05,275.161011,143.207184,307.196869,126.136757,25.611786,222.690002,54.072895,26.670025
2026-02-06,277.365021,146.118774,319.319946,130.349915,26.317585,210.320007,55.637798,26.494242
2026-02-09,274.130798,148.236298,319.022827,128.203583,26.153221,208.720001,55.519695,26.474712
2026-02-10,273.192444,148.608810,315.239288,125.898262,26.694656,206.960007,54.515789,26.767681
2026-02-11,275.009216,152.500732,307.850555,127.955162,26.810677,204.080002,53.000095,27.802839
2026-02-12,261.263794,147.961136,299.748749,132.794342,26.559296,199.600006,51.691086,28.125107
2026-02-13,255.324356,146.500580,299.659576,133.042770,26.665651,198.789993,51.720615,28.017687
2026-02-17,263.409943,144.270264,304.195831,128.034668,26.462614,201.149994,51.907619,28.007921
2026-02-18,263.879120,148.701294,305.830048,125.818771,26.462614,204.789993,52.517834,27.226665
2026-02-19,260.115784,148.987488,305.106995,124.079842,25.969521,204.860001,51.937145,27.226665
2026-02-20,264.108673,145.345947,307.820862,122.211746,25.766483,210.110001,52.222569,27.324324
2026-02-23,265.705811,148.780243,294.826202,125.013901,26.162889,205.270004,50.263973,27.851671
2026-02-24,271.655243,147.299942,294.459717,125.947945,26.240238,208.559998,49.614388,27.685654
2026-02-25,273.741516,147.102570,300.402405,124.954277,26.191896,210.639999,50.874187,27.216904
2026-02-26,272.463776,146.589401,303.205383,123.632690,26.201563,207.919998,51.474560,26.816509
2026-02-27,263.709381,150.497391,297.431061,127.140350,26.733330,210.000000,49.043545,27.353621
2026-03-02,264.248413,152.194809,294.717255,126.295738,26.356258,208.389999,49.023865,27.353621
2026-03-03,263.280182,149.836197,297.391449,127.100601,25.698803,208.729996,49.181335,27.998154
2026-03-04,262.052338,147.852600,296.529785,127.001236,25.737478,216.820007,49.506126,28.300890
2026-03-05,259.826324,148.780243,290.745544,122.529716,25.727808,218.940002,49.023865,28.291124
2026-03-06,257.001343,149.224350,286.714447,123.016624,26.153221,213.210007,48.142956,27.968857
2026-03-09,259.417053,148.464462,287.150269,123.553200,25.921177,213.490005,47.410519,26.884871
2026-03-10,260.365356,146.184799,285.971619,124.328262,26.259575,214.330002,48.063774,27.060650
2026-03-11,260.345367,149.589478,284.773132,122.708572,26.394934,212.649994,48.024181,26.523539
2026-03-12,255.304382,151.513870,280.187408,124.536942,25.969521,209.529999,46.648388,26.748148
2026-03-13,249.674438,154.069855,280.732147,125.719406,25.698803,207.669998,46.242577,27.070415
2026-03-16,252.369644,155.165283,283.426147,125.192757,25.727808,211.740005,46.579105,27.080183
2026-03-17,253.777115,156.724533,284.149200,124.288521,26.539961,215.199997,46.796852,27.197371
2026-03-18,249.494766,155.520554,284.991058,121.208130,26.414268,209.869995,46.351452,26.767681
2026-03-19,248.516525,156.083084,285.218842,120.323753,26.501286,208.759995,46.529610,27.089949
2026-03-20,247.548233,157.573242,283.822357,118.509575,26.075872,205.369995,46.678078,27.646589
2026-03-23,251.042007,159.014084,287.140320,120.202293,25.882504,210.139999,47.034401,28.086046
2026-03-24,251.191727,163.208267,289.606537,121.526588,26.066204,207.240005,47.648064,28.193468
2026-03-25,252.169983,161.116104,292.597717,122.532249,26.375597,211.710007,48.251831,28.134872
2026-03-26,252.439514,163.257599,288.873627,121.656029,26.655983,207.539993,47.747044,28.242296
2026-03-27,248.356796,168.744598,280.137878,122.362984,26.143553,199.339996,46.490025,28.418077
2026-03-30,246.190659,169.218292,281.058990,122.970360,26.849352,200.949997,46.747360,28.105577
2026-03-31,253.337891,167.432053,291.349731,123.747025,27.149073,208.270004,48.251831,28.310656
2026-04-01,255.174622,158.668671,292.558075,124.205048,27.603493,210.570007,48.766518,27.646589
2026-04-02,255.464111,158.579849,291.785522,125.250549,27.381117,209.770004,48.875393,27.666122
2026-04-06,258.398834,161.224655,294.125000,126.246254,26.907362,212.789993,49.548447,27.656357
2026-04-07,253.048416,161.757568,296.066254,121.964699,26.201563,213.770004,49.766197,27.382917
2026-04-08,258.438782,154.168549,306.588837,126.714249,26.559296,221.250000,51.349850,26.709087
2026-04-09,260.025940,153.004028,308.938232,128.576218,26.317585,233.649994,52.171364,26.211039
2026-04-10,260.015991,150.507263,308.480316,126.226341,26.027531,238.380005,52.003101,26.110386
2026-04-13,258.738281,150.635559,312.273224,124.035774,26.433607,239.889999,52.804825,25.271618
2026-04-14,258.368896,147.280212,309.724701,124.513725,26.211233,249.020004,52.804825,25.281487
2026-04-15,265.955383,147.053223,304.557983,124.224968,26.288580,248.500000,53.764912,25.123598
2026-04-16,262.930756,149.984222,308.559967,124.284706,26.317585,249.699997,52.963188,26.051178
2026-04-17,269.748627,144.516983,308.898438,126.953217,26.646313,250.559998,53.359100,26.159725
2026-04-20,272.563568,145.740677,315.568390,127.371407,26.607639,248.279999,53.398693,25.834085
2026-04-21,265.695862,146.411774,311.596283,129.044220,26.404600,249.910004,52.933498,25.538050
2026-04-22,272.683411,147.536789,311.616180,129.422562,25.911509,255.360001,52.577171,25.636728
2026-04-23,272.942902,148.553268,310.292175,131.463776,25.785818,255.080002,51.933819,26.258406
2026-04-24,270.577118,146.954544,306.897461,129.362839,26.104879,263.989990,51.518108,25.853823
2026-04-27,267.133270,146.243988,310.232422,127.042816,25.901842,261.119995,52.092182,25.182806
2026-04-28,270.227753,148.582870,310.053253,127.042816,25.602118,259.700012,52.121876,25.715672
2026-04-29,269.688721,152.638901,307.863098,127.461021,25.389412,263.040009,52.339630,25.409767
2026-04-30,270.866638,152.303375,311.825256,131.364212,25.814825,265.059998,52.913700,25.784746
2026-05-01,279.640961,150.744125,311.068665,131.035629,25.457090,268.260010,52.695950,25.774879
2026-05-04,276.336853,151.671768,306.270264,129.771088,25.428085,272.049988,51.656677,25.755144
2026-05-05,283.673767,152.846161,308.012421,130.229095,25.573114,273.549988,52.577171,25.557785
2026-05-06,286.997833,146.737442,313.487762,129.522156,25.650461,274.989990,53.052269,25.232145
2026-05-07,286.927948,144.655136,304.896454,129.641632,25.602118,271.170013,52.210957,24.926243
2026-05-08,292.797485,142.671539,300.745178,130.118484,25.238480,272.679993,50.785671,24.827562
2026-05-11,292.427795,147.714417,298.654572,127.285271,25.366245,268.989990,50.033436,24.541395
2026-05-12,294.545959,148.651962,303.512695,130.038696,25.425215,265.820007,50.261086,24.896637
2026-05-13,298.612457,149.579620,298.903473,131.156006,25.513666,270.130005,49.330692,24.413113
2026-05-14,297.953033,150.773712,298.565002,132.143646,25.307276,267.220001,49.340588,24.324301
2026-05-15,299.971313,156.904022,296.474396,131.136063,24.894497,264.140015,49.261410,23.712494
2026-05-18,297.583344,159.457489,299.381317,133.021545,24.894497,264.859985,50.172005,24.107208
2026-05-19,298.712372,161.504242,294.373871,133.879486,25.218824,259.339996,50.181904,24.649940
2026-05-20,301.989563,155.274567,300.625732,130.537491,25.346590,265.010010,50.706486,24.600603
2026-05-21,304.727173,154.290939,301.641144,121.050201,25.503839,268.459991,50.963833,25.005184
2026-05-22,308.553894,153.923325,305.005981,119.982758,25.454697,266.320007,51.270664,24.926243
2026-05-26,308.064301,148.846191,305.364349,118.286819,25.405558,265.290009,51.666576,24.689413
2026-05-27,310.582153,146.948486,297.937805,118.256889,25.759367,271.850006,50.577816,24.561131
2026-05-28,312.240723,146.014542,295.399261,118.616035,25.690571,274.000000,50.251190,24.551262
2026-05-29,311.791107,144.325470,297.967682,115.473557,25.729883,270.640015,51.072704,24.472319
2026-06-01,306.046051,148.418976,295.249908,114.326302,25.189339,261.260010,50.983627,24.225622
2026-06-02,314.928406,148.597809,299.610260,112.789978,25.110714,256.519989,51.943714,24.314432
2026-06-03,309.992645,151.548706,299.500793,116.610832,24.904325,250.020004,51.864532,23.238834
2026-06-04,310.961823,151.061844,309.495758,117.458801,25.248308,253.789993,53.616444,22.469143
2026-06-05,307.075165,148.955490,310.969116,118.596077,25.592291,246.029999,53.556751,22.449406
2026-06-08,301.280182,150.773712,309.714752,119.543816,25.179512,245.220001,53.357765,22.202709
2026-06-09,290.299622,147.951996,311.297638,118.596077,25.258137,244.190002,54.143753,22.409933
2026-06-10,291.328735,149.650986,307.753601,120.301994,25.159857,238.000000,54.263145,22.903328
2026-06-11,295.375244,145.656860,312.084076,120.212212,25.720057,241.509995,54.879997,22.696102
2026-06-12,290.879150,146.064209,319.281677,120.750923,25.759367,238.550003,55.735634,23.268438
2026-06-15,296.164581,140.013397,317.967590,120.531448,25.552979,246.020004,55.586391,22.982271
2026-06-16,298.982147,140.947342,329.654938,120.740944,25.592291,246.000000,56.551472,22.853989
2026-06-17,295.694977,139.834549,331.964508,117.847870,25.474354,237.500000,56.243042,22.143503
2026-06-18,297.753204,136.923401,323.761475,116.900139,24.776560,244.389999,55.914719,21.719183
2026-06-22,296.754089,137.579163,329.993408,116.900139,24.648796,232.789993,57.078777,21.807995
2026-06-23,294.046387,138.831039,332.641479,119.134789,24.294985,234.110001,57.616039,22.508614
2026-06-24,292.827423,136.019257,331.954590,118.715790,23.626678,234.270004,57.436951,22.074429
2026-06-25,274.912903,136.665070,333.617065,115.503479,23.263039,227.009995,57.894615,22.123766
2026-06-26,283.535461,135.661560,327.574280,115.413704,23.872379,232.690002,57.586193,22.419802
2026-06-29,281.497223,135.184662,327.912781,114.326302,23.951004,240.139999,57.586193,21.531694
2026-06-30,289.110657,135.840408,325.862000,112.989502,23.665989,238.339996,56.690758,20.426493
2026-07-01,294.126343,135.403244,332.571808,108.560104,23.469427,241.699997,58.063755,20.209398
2026-07-02,308.364044,136.208023,332.970001,111.572891,23.901863,242.669998,58.431877,20.308079
2026-07-06,312.390594,135.562210,337.720001,110.385735,23.312178,244.160004,59.595940,20.308079
2026-07-07,310.392303,140.778442,339.220001,111.273613,23.656160,245.979996,59.556141,20.811340
2026-07-08,313.119965,140.222046,330.619995,112.829880,23.636505,243.619995,58.004059,20.840944
2026-07-09,315.947510,136.575653,335.470001,111.942009,23.833067,247.039993,58.949238,20.762001
2026-07-10,315.048309,137.986526,336.470001,113.627975,23.754442,245.339996,59.367104,21.129999
2026-07-13,317.036560,143.580292,334.529999,114.505867,24.059111,247.309998,59.197968,21.549999
2026-07-14,314.588684,144.156555,342.890015,113.428444,23.833067,247.490005,60.312283,21.280001
2026-07-15,327.217804,143.580292,346.910004,112.261246,24.393267,254.960007,61.277359,21.430000
2026-07-16,332.972839,145.011032,343.149994,114.675461,24.707764,249.889999,61.177868,21.980000
2026-07-17,333.452393,146.411957,341.100006,113.967155,24.619310,247.229996,60.958984,21.809999
2026-07-20,326.308563,147.405533,338.869995,111.932030,24.324471,249.990005,60.113297,21.950001
2026-07-21,327.457581,150.733978,345.230011,110.126358,24.511204,247.550003,60.909237,22.260000
2026-07-22,325.609192,153.456345,348.209991,109.068886,24.393267,244.850006,61.307205,23.040001
2026-07-23,321.382843,155.880646,349.899994,108.141113,24.580000,233.660004,60.968929,22.959999
2026-07-24,332.733032,155.930328,353.209991,109.208557,24.540001,232.110001,61.735023,24.129999
2026-07-27,336.619690,153.774292,356.200012,111.473129,24.670000,231.389999,61.814617,24.420000
2026-07-28,339.786926,152.055420,357.309998,112.829880,25.250000,230.860001,62.302128,24.660000
2026-07-29,337.898590,155.741547,344.709991,113.947212,25.150000,226.649994,60.759998,23.940001
2026-07-30,333.142670,155.960144,350.850006,110.834656,24.910000,235.500000,61.416649,23.209999
2026-07-31,308.643829,154.439987,351.790009,110.934418,25.010000,271.579987,61.635532,23.250000
2026-08-03,303.158569,154.062424,352.640015,110.445587,25.030001,284.019989,62.162842,23.590000
2026-08-04,309.113403,152.969513,357.519989,111.283585,25.410000,277.420013,62.580711,23.379999
2026-08-05,310.732025,150.654495,359.239990,112.071693,25.809999,272.649994,62.928932,23.059999
2026-08-06,312.140808,153.843842,356.299988,111.802345,26.200001,272.260010,62.680202,23.709999
2026-08-07,313.059998,152.055420,357.519989,111.582870,26.760000,274.480011,62.849335,23.790001
2026-08-10,308.260010,158.761993,359.790009,112.390938,27.049999,278.089996,63.535835,24.049999
2026-08-11,304.910004,158.771927,362.040009,112.989502,26.620001,272.269989,63.675125,24.500000
2026-08-12,302.250000,158.722244,365.179993,115.732933,26.309999,267.279999,64.481010,24.250000
2026-08-13,305.260010,157.589584,363.109985,115.443626,26.799999,265.130005,63.764664,24.580000
2026-08-14,305.929993,159.070007,362.839996,114.994698,26.790001,262.649994,64.162636,24.889999
2026-08-17,305.589996,161.460007,360.959991,114.056946,26.870001,261.309998,63.565681,24.680000
2026-08-18,310.029999,165.559998,363.250000,114.924866,27.250000,259.450012,63.903961,24.900000
2026-08-19,316.829987,164.770004,357.260010,114.027023,28.240000,265.839996,62.849335,25.120001
2026-08-20,311.299988,166.149994,351.549988,103.591995,27.790001,260.109985,61.545990,25.150000
2026-08-21,309.350006,165.110001,351.579987,103.699997,28.070000,258.630005,61.376850,25.290001
2026-08-24,310.339996,164.050003,356.390015,106.489998,27.969999,262.070007,62.013603,25.690001
2026-08-25,309.899994,160.639999,356.690002,105.379997,28.570000,261.059998,62.113094,25.770000
2026-08-26,313.450012,158.190002,356.500000,104.339996,28.299999,260.279999,61.914108,25.870001
2026-08-27,314.579987,156.440002,354.220001,102.629997,28.020000,256.260010,60.859489,25.430000
2026-08-28,319.700012,156.710007,357.619995,103.089996,27.959999,266.429993,62.003654,26.010000
2026-08-31,316.850006,160.949997,356.019989,104.870003,28.459999,259.769989,61.625580,25.889999
2026-09-01,325.130005,164.550003,354.950012,105.919998,28.549999,254.919998,61.675331,26.000000
2026-09-02,324.959991,164.149994,356.220001,106.089996,29.020000,254.979996,62.282230,25.950001
2026-09-03,328.209991,162.210007,362.059998,108.419998,28.809999,258.899994,62.719997,26.190001
2026-09-04,319.970001,159.470001,358.640015,107.139999,28.450001,258.510010,62.680000,25.680000
2026-09-08,316.220001,160.660004,353.510010,106.050003,27.790001,256.970001,62.389999,25.600000
2026-09-09,315.339996,164.229996,354.709991,105.830002,27.780001,252.399994,62.669998,25.150000
2026-09-10,326.570007,165.229996,353.559998,105.730003,27.650000,251.889999,62.560001,25.549999
2026-09-11,332.269989,165.990005,356.230011,107.150002,27.719999,256.779999,62.689999,26.059999
2026-09-14,333.079987,165.080002,350.130005,109.080002,27.719999,253.539993,59.470001,26.510000
2026-09-15,331.339996,169.320007,352.489990,108.089996,27.549999,248.419998,59.520000,26.719999
2026-09-16,332.410004,163.320007,348.920013,107.500000,27.459999,245.960007,57.900002,25.860001
2026-09-17,337.000000,163.270004,349.309998,106.790001,27.639999,251.190002,58.180000,25.389999
2026-09-18,336.130005,163.539993,349.670013,106.730003,27.660000,253.710007,57.730000,25.400000
2026-09-21,338.980011,158.300003,352.040009,107.440002,27.740000,258.450012,57.959999,25.450001
2026-09-22,339.750000,158.710007,340.000000,110.120003,27.930000,254.979996,56.200001,25.100000
2026-09-23,337.019989,161.229996,337.529999,110.529999,28.180000,249.270004,56.000000,25.299999
2026-09-24,335.920013,162.139999,338.559998,107.589996,28.410000,249.380005,56.029999,25.450001
2026-09-25,341.070007,160.589996,343.059998,107.980003,28.670000,249.669998,56.700001,25.379999
2026-09-28,338.399994,162.520004,336.589996,108.730003,28.719999,246.149994,55.470001,24.900000
2026-09-29,329.399994,161.350006,334.980011,106.800003,28.719999,246.669998,54.959999,24.480000
2026-09-30,333.019989,162.750000,330.829987,103.919998,28.520000,249.149994,54.430000,24.400000
