date,F,NOK,VALE,ITUB,SNAP,PCG,HBAN,KEY
2024-09-30,9.374805,4.224456,9.939693,5.004356,10.700000,19.474735,13.621035,15.353198
2024-10-01,9.543481,4.205123,9.973733,4.906527,10.420000,19.533836,13.268927,14.885729
2024-10-02,9.303784,4.243790,10.024793,4.946431,10.880000,19.612642,13.167001,14.858229
2024-10-03,9.277152,4.205123,9.769492,4.803382,10.740000,19.198917,13.129934,15.004889
2024-10-04,9.383684,4.205123,9.743962,4.848557,10.800000,19.415632,13.546906,15.380699
2024-10-07,9.312663,4.185788,9.803534,4.848557,10.480000,19.415632,13.565438,15.371532
2024-10-08,9.312663,4.253458,9.403563,4.833496,10.670000,19.356525,13.648833,15.334866
2024-10-09,9.428071,4.321126,9.284423,4.690451,10.680000,19.267872,13.843419,15.463193
2024-10-10,9.481339,4.263124,9.352502,4.720566,10.660000,19.258020,13.861951,15.435693
2024-10-11,9.516850,4.214789,9.429091,4.660336,11.130000,19.336824,14.260390,15.784003
2024-10-14,9.694402,4.253458,9.446113,4.720566,11.050000,19.937714,14.380848,15.948995
2024-10-15,9.623381,4.263124,9.182302,4.682921,11.040000,20.105175,14.445709,16.031488
2024-10-16,9.792055,4.311459,9.343992,4.667864,10.760000,20.203682,14.677359,16.223974
2024-10-17,9.827566,4.195456,9.139751,4.675394,10.460000,19.977118,14.297455,15.811502
2024-10-18,9.854200,4.591800,9.046144,4.652805,10.490000,20.075626,14.232590,15.903163
2024-10-21,9.658892,4.630468,8.995082,4.637748,10.330000,20.046074,14.149197,15.664845
2024-10-22,9.863076,4.584718,9.037632,4.667864,9.980000,20.262785,14.399380,15.738174
2024-10-23,9.818689,4.555516,8.858922,4.690451,10.150000,20.272635,14.399380,15.655677
2024-10-24,9.978487,4.672325,8.927002,4.743154,10.270000,20.371143,14.417912,15.793171
2024-10-25,9.827566,4.643123,9.258892,4.660336,10.450000,20.055923,14.251124,15.619017
2024-10-28,10.093897,4.818334,9.369523,4.735622,10.710000,20.203682,14.612497,16.086485
2024-10-29,9.241642,4.720994,9.267402,4.622691,10.890000,19.819510,14.473508,15.930659
2024-10-30,9.294908,4.652857,9.199324,4.622691,12.620000,19.888462,14.584699,16.031488
2024-10-31,9.135110,4.584718,9.105712,4.554931,12.160000,19.918015,14.445709,15.811502
2024-11-01,9.072967,4.604187,9.020612,4.472115,12.530000,19.740702,14.343783,15.756507
2024-11-04,9.197253,4.545783,9.173793,4.577518,12.120000,19.652046,14.269655,15.619017
2024-11-05,9.410318,4.584718,9.199324,4.735622,12.190000,19.937714,14.399380,15.820671
2024-11-06,9.934098,4.458176,9.190812,4.788324,11.810000,19.947567,16.234053,18.304678
2024-11-07,9.862113,4.477644,9.539722,4.705507,12.480000,20.055923,16.104322,17.562225
2024-11-08,9.871110,4.428975,9.012103,4.600105,12.010000,20.292339,16.020935,17.388071
2024-11-11,10.105065,4.438708,8.697232,4.577518,11.960000,20.775021,16.447168,17.644722
2024-11-12,9.988090,4.380304,8.484483,4.542116,11.260000,20.873528,16.345242,17.580557
2024-11-13,9.988090,4.341368,8.416401,4.466789,11.110000,20.962183,16.252584,17.461399
2024-11-14,9.961092,4.370570,8.365341,4.451725,10.760000,20.676514,16.243317,17.543894
2024-11-15,9.907105,4.341368,8.348322,4.489388,10.600000,20.725769,16.391573,17.562225
2024-11-18,10.087070,4.341368,8.535542,4.489388,10.550000,20.725769,16.493498,17.626389
2024-11-19,9.943097,4.039614,8.527033,4.504453,10.510000,20.686367,16.252584,17.415569
2024-11-20,9.655152,4.136954,8.535542,4.489388,10.590000,20.784874,16.187717,17.433901
2024-11-21,9.718141,4.020146,8.475971,4.414063,10.630000,20.912930,16.326710,17.617220
2024-11-22,10.060074,4.068816,8.527033,4.406530,11.420000,21.050840,16.576895,17.965534
2024-11-25,10.258037,4.098018,8.569582,4.406530,11.600000,20.873528,16.864140,18.158022
2024-11-26,9.988090,4.068816,8.424911,4.511985,11.600000,21.188747,16.808538,18.020531
2024-11-27,9.988090,4.078550,8.399381,4.323673,11.610000,21.306953,16.678818,17.892204
2024-11-29,10.015083,4.088284,8.390870,4.037436,11.810000,21.306953,16.688086,17.855543
2024-12-02,9.880109,4.088284,8.331302,4.002013,12.110000,20.243084,16.474964,17.516396
2024-12-03,9.736137,4.117486,8.237692,4.032160,12.860000,20.538605,16.335976,17.428373
2024-12-04,9.664149,4.059082,8.093021,4.054770,12.620000,20.213531,16.308178,17.372780
2024-12-05,9.394202,4.195358,8.178121,4.167821,12.170000,20.085470,16.400837,17.344980
2024-12-06,9.457190,4.127220,7.965371,4.047234,12.440000,20.026371,16.317442,17.483969
2024-12-09,9.538175,4.282964,8.382361,4.047234,12.500000,19.908161,16.011669,17.178205
2024-12-10,9.502181,4.282964,8.407892,4.145212,12.410000,19.583090,15.974602,17.057755
2024-12-11,9.367208,4.292698,8.365341,4.231983,12.000000,19.514137,16.113590,16.965097
2024-12-12,9.349212,4.312166,8.134282,4.094975,11.380000,19.622496,15.909739,16.733459
2024-12-13,9.349212,4.360837,7.953903,4.011249,11.310000,19.455034,15.909739,16.798319
2024-12-16,8.989279,4.351102,7.816470,3.965581,11.340000,19.307272,15.993134,16.863180
2024-12-17,8.971284,4.360837,7.893775,3.980804,11.180000,19.415632,15.696622,16.492559
2024-12-18,8.719332,4.273230,7.507247,3.775293,11.220000,18.913250,14.878359,15.714259
2024-12-19,8.764322,4.312166,7.541605,3.820963,11.300000,19.129961,14.878359,15.575275
2024-12-20,8.890298,4.312166,7.644679,3.859020,11.400000,19.523989,15.261772,15.834711
2024-12-23,8.908295,4.331634,7.679038,3.782904,11.260000,19.691452,15.224367,15.955163
2024-12-24,9.016274,4.370570,7.679038,3.798128,11.180000,19.918015,15.392694,16.094147
2024-12-26,9.061266,4.351102,7.696217,3.805740,11.200000,19.908161,15.448805,16.112675
2024-12-27,9.025272,4.360837,7.661859,3.790517,10.990000,19.839205,15.317882,15.936631
2024-12-30,8.890298,4.302432,7.610321,3.805740,10.860000,19.829359,15.271125,15.853240
2024-12-31,8.908295,4.312166,7.618911,3.775293,10.770000,19.903330,15.215016,15.881040
2025-01-02,8.683337,4.341368,7.627501,3.769962,11.240000,19.735659,15.186959,15.732788
2025-01-03,8.890298,4.360837,7.412762,3.709034,11.970000,20.120310,15.383345,16.020020
2025-01-06,8.926291,4.438708,7.404172,3.861356,12.570000,19.587717,15.458158,16.103411
2025-01-07,8.782320,4.506846,7.352636,3.937517,12.550000,19.706070,15.476857,15.927365
2025-01-08,8.764322,4.536048,7.301099,3.884205,12.040000,18.986080,15.364641,15.853240
2025-01-10,8.683337,4.399772,7.301099,3.838507,12.470000,16.934597,14.981226,15.491887
2025-01-13,8.737328,4.351102,7.309689,3.876588,12.150000,15.997621,15.168256,15.769852
2025-01-14,8.800315,4.390038,7.404172,3.884205,11.340000,15.997621,15.514264,16.196064
2025-01-15,8.953287,4.487378,7.524426,4.082221,11.840000,16.638710,15.935089,16.807581
2025-01-16,9.007277,4.321900,7.533016,4.044141,11.220000,16.717613,15.748055,16.529619
2025-01-17,9.160247,4.390038,7.679038,4.051758,10.860000,16.776791,15.907031,16.955832
2025-01-21,9.385204,4.487378,7.713396,4.120302,10.560000,17.062815,15.991196,16.344311
2025-01-22,9.025272,4.487378,7.618911,4.165999,10.460000,16.214603,15.766757,16.029284
2025-01-23,9.142250,4.565250,7.636091,4.158382,10.580000,16.017347,15.804164,16.186796
2025-01-24,9.106258,4.390038,7.713396,4.165999,10.890000,16.313236,16.084715,16.381376
2025-01-27,9.340213,4.380304,7.868008,4.280240,10.850000,16.066664,16.056656,16.362843
2025-01-28,9.070265,4.341368,7.756343,4.333553,11.190000,15.741186,16.112764,16.353579
2025-01-29,9.187242,4.321900,7.790701,4.310705,11.630000,15.573517,16.056656,16.372108
2025-01-30,9.142250,4.574985,8.065567,4.417330,11.350000,15.474889,16.262392,16.705666
2025-01-31,9.070265,4.477644,7.979671,4.417330,11.290000,15.435437,16.084715,16.659338
2025-02-03,8.899297,4.497113,8.039798,4.386864,11.170000,14.952153,15.748055,16.186796
2025-02-04,9.142250,4.625489,8.099924,4.457733,11.600000,14.971880,15.776112,16.631544
2025-02-05,9.007277,4.703887,8.048388,4.518692,10.630000,15.524202,15.822865,16.538887
2025-02-06,8.332405,4.694088,8.254537,4.541553,10.690000,15.386124,16.047306,16.631544
2025-02-07,8.314408,4.713687,8.134282,4.457733,10.920000,15.109961,15.822865,16.529619
2025-02-10,8.314408,4.733286,8.211589,4.518692,10.710000,15.435437,15.645187,16.223862
2025-02-11,8.287414,4.801885,8.220179,4.602513,10.870000,15.563655,15.766757,16.270187
2025-02-12,8.305411,4.909682,8.211589,4.465353,10.730000,15.810228,15.514264,16.307251
2025-02-13,8.413390,4.890083,8.220179,4.480592,11.250000,15.632695,15.532968,16.196064
2025-02-14,8.530367,4.890083,8.383379,4.640614,10.850000,15.080372,15.645187,16.418432
2025-02-18,8.632584,4.890083,8.426327,4.602513,11.040000,15.208591,15.794814,16.640804
2025-02-19,8.679046,4.850883,8.366200,4.597724,10.780000,15.445299,15.738705,16.705666
2025-02-20,8.725508,4.890083,8.718370,4.597724,10.680000,15.474889,15.355289,16.288719
2025-02-21,8.623290,4.841084,8.684012,4.573777,10.340000,15.770776,15.102796,15.686463
2025-02-24,8.688338,4.801885,8.563760,4.509921,10.420000,15.790501,14.981226,15.538216
2025-02-25,8.753384,4.890083,8.495043,4.557814,10.400000,15.711597,14.784842,15.445562
2025-02-26,8.799846,4.801885,8.383379,4.501938,10.160000,15.820090,15.018632,15.621605
2025-02-27,8.632584,4.733286,8.271715,4.501938,9.990000,15.662283,15.158905,15.732788
2025-02-28,8.874185,4.703887,8.099924,4.382206,10.250000,16.115976,15.402045,16.047817
2025-03-03,8.725508,4.909682,8.065567,4.398171,9.770000,16.204744,15.140203,15.732788
2025-03-04,8.474612,4.782286,8.039798,4.368621,9.600000,15.918717,14.504294,15.231030
2025-03-05,8.967107,5.066479,8.331842,4.504391,9.790000,16.165287,14.382725,15.249784
2025-03-06,8.929937,5.056679,8.400558,4.528350,9.600000,15.859542,14.148936,14.940289
2025-03-07,9.199415,5.125277,8.503633,4.536335,9.720000,15.751049,14.158288,14.752714
2025-03-10,9.255171,5.037079,8.247460,4.496404,9.080000,15.691872,13.690708,14.218126
2025-03-11,9.004277,5.046879,8.390275,4.512378,8.860000,15.968035,13.466270,14.218126
2025-03-12,8.911353,5.095878,8.274239,4.512378,8.890000,15.997621,13.606544,14.518247
2025-03-13,8.855599,5.095878,8.408126,4.568283,8.370000,16.175154,13.354052,14.208751
2025-03-14,9.041446,5.223275,8.756234,4.783918,8.640000,16.549944,13.793575,14.705820
2025-03-17,9.218000,5.282073,8.997231,4.999555,8.990000,16.875420,13.933849,14.818366
2025-03-18,9.245878,5.311473,9.086490,5.015527,8.730000,16.964186,13.948023,14.865259
2025-03-19,9.450310,5.252675,9.095415,5.033896,9.040000,16.855694,14.146472,15.052834
2025-03-20,9.301632,5.223275,9.050786,4.972401,9.230000,16.964186,14.127572,15.090348
2025-03-21,9.292338,5.203675,8.988304,4.972401,9.330000,16.648573,14.193721,15.146621
2025-03-24,9.524648,5.223275,8.872269,4.910903,9.540000,16.885281,14.505569,15.540524
2025-03-25,9.561818,5.223275,9.006156,4.989971,9.630000,16.826103,14.477217,15.540524
2025-03-26,9.571109,5.154676,9.041860,4.937259,9.410000,17.003637,14.420517,15.381088
2025-03-27,9.199415,5.095878,9.077563,4.919688,9.170000,16.914869,14.288219,15.165379
2025-03-28,9.032155,5.105678,8.961527,4.849407,8.890000,16.766926,13.976373,14.818366
2025-03-31,9.320216,5.164476,8.907972,4.831838,8.710000,16.969414,14.184271,14.996561
2025-04-01,9.236586,5.233075,9.015082,4.849407,8.930000,17.058313,14.127572,14.818366
2025-04-02,9.431723,5.242874,9.006156,4.860836,8.880000,17.216351,14.373268,15.071590
2025-04-03,8.864892,4.880283,8.684826,5.001474,8.020000,17.038555,12.719540,13.242743
2025-04-04,8.902061,4.684288,8.104648,4.685036,8.050000,16.238483,11.906850,12.633125
2025-04-07,8.586122,4.586290,7.881502,4.658666,7.730000,15.882898,12.010798,12.670641
2025-04-08,8.075043,4.556891,7.372731,4.605927,7.230000,15.744614,11.802900,12.408036
2025-04-09,8.827724,4.831284,7.908279,4.843256,8.820000,16.603949,12.955786,13.617891
2025-04-10,8.493198,4.723487,7.943983,4.720195,7.830000,16.268118,12.180896,12.886351
2025-04-11,8.669752,4.860684,8.229609,4.808096,7.960000,16.712603,12.180896,12.876972
2025-04-14,9.022861,4.880283,8.274239,4.887205,7.910000,16.850883,12.426593,13.186469
2025-04-15,8.781261,5.037079,8.149278,4.913574,7.870000,16.949659,12.662840,13.364665
2025-04-16,8.734799,4.978281,8.033242,4.913574,7.740000,16.969414,12.539992,13.195848
2025-04-17,8.948524,5.007680,8.131426,4.975104,7.880000,17.018801,12.917988,13.383423
2025-04-21,8.799846,4.968481,8.140351,5.001474,7.610000,16.633581,12.728990,12.933244
2025-04-22,8.967107,5.174276,8.425977,5.142112,7.850000,17.226227,13.163685,13.289636
2025-04-23,9.087907,5.203675,8.524161,5.256381,7.980000,17.325003,13.399931,13.617891
2025-04-24,9.348094,4.762686,8.702679,5.397021,8.330000,17.176838,13.749577,13.946145
2025-04-25,9.329509,4.890083,8.479533,5.397021,8.540000,16.929905,13.607828,13.805465
2025-04-28,9.310925,4.811685,8.568791,5.458550,8.830000,17.068188,13.777925,13.946145
2025-04-29,9.431723,4.870483,8.568791,5.546451,9.090000,17.137331,13.834625,14.011795
2025-04-30,9.301632,4.890083,8.309942,5.546451,7.960000,16.317505,13.730677,13.918010
2025-05-01,9.459601,4.890083,8.247460,5.528869,7.830000,16.465666,13.815725,14.058690
2025-05-02,9.552525,4.958681,8.363497,5.449761,8.450000,16.722479,14.250420,14.527625
2025-05-05,9.450310,4.954725,8.309942,5.408429,8.550000,16.712603,14.193721,14.593277
2025-05-06,9.701202,4.974505,8.309942,5.373251,8.360000,16.831133,14.061423,14.349430
2025-05-07,9.552525,5.004174,8.229609,5.364457,8.130000,16.989170,14.137021,14.283779
2025-05-08,9.552525,4.974505,8.301016,5.469988,8.220000,16.969414,14.382718,14.602655
2025-05-09,9.691911,5.033843,8.354571,5.812962,8.250000,16.920025,14.382718,14.527625
2025-05-12,9.946465,5.142629,8.568791,5.672255,9.210000,17.008923,15.053660,15.437362
2025-05-13,9.993604,5.122849,8.818714,5.821755,9.100000,16.752110,15.204858,15.587420
2025-05-14,10.040744,5.033843,8.738382,5.839344,9.030000,16.821253,15.204858,15.559285
2025-05-15,10.135022,5.132740,8.756234,5.839344,8.580000,17.127451,15.214308,15.456117
2025-05-16,10.182163,5.132740,8.747308,5.909697,8.750000,17.650959,15.289907,15.596797
2025-05-19,10.135022,5.182188,8.774085,5.988844,8.680000,17.522551,15.233208,15.465497
2025-05-20,10.106739,5.251415,8.729456,5.944874,8.530000,17.522551,15.063110,15.277924
2025-05-21,9.880468,5.281085,8.613420,5.848139,8.280000,17.186718,14.477217,14.640168
2025-05-22,9.842757,5.300864,8.550940,5.812962,8.430000,16.811377,14.581165,14.715199
2025-05-23,9.767333,5.281085,8.568791,5.848139,8.230000,16.841009,14.477217,14.677685
2025-05-27,9.720193,5.350312,8.515237,5.918491,8.420000,16.841009,14.893012,14.977036
2025-05-28,9.588203,5.330533,8.363497,5.839344,8.340000,16.692844,14.704015,14.977036
2025-05-29,9.635344,5.290974,8.425977,5.830549,8.280000,16.860762,14.855212,15.157595
2025-05-30,9.786190,5.162408,8.149278,5.795373,8.250000,16.673092,14.770163,15.072066
2025-06-02,9.409073,5.251415,8.274239,5.751402,8.200000,16.445911,14.722914,15.015049
2025-06-03,9.607059,5.281085,8.309942,5.798033,8.370000,16.337261,15.034760,15.233623
2025-06-04,9.654198,5.350312,8.345646,5.745244,8.450000,15.863143,14.874113,15.110080
2025-06-05,9.522208,5.330533,8.479533,5.736445,8.200000,15.734736,14.874113,15.110080
2025-06-06,9.673055,5.350312,8.470607,5.771637,8.270000,15.448293,15.327705,15.518718
2025-06-09,9.748478,5.370091,8.550940,5.771637,8.500000,14.401284,15.337155,15.471202
2025-06-10,9.993604,5.290974,8.622345,5.754043,8.490000,14.608710,15.412754,15.537725
2025-06-11,10.050171,5.221746,8.577717,5.841938,8.570000,14.213614,15.204858,15.423685
2025-06-12,9.927608,5.261305,8.515237,5.868572,8.300000,14.124717,15.082009,15.309649
2025-06-13,9.833329,5.132740,8.443830,5.824181,7.940000,13.472808,14.656765,14.872499
2025-06-16,10.012459,5.241526,8.765160,5.983989,8.270000,13.433297,14.836311,15.138590
2025-06-17,9.823902,5.093181,8.345646,5.983989,8.180000,13.383910,14.774277,14.948526
2025-06-18,9.833329,5.112960,8.301016,5.930720,8.230000,13.897536,15.012878,15.214616
2025-06-20,9.984176,5.073401,8.086797,5.886329,8.010000,13.699987,15.117864,15.357163
2025-06-23,10.135022,5.112960,8.193908,5.904087,7.910000,13.640724,15.337378,15.670769
2025-06-24,10.116167,5.142629,8.220684,6.028384,8.320000,13.986433,15.518718,15.917850
2025-06-25,9.880468,5.112960,8.086797,5.850816,8.030000,13.620969,15.537806,15.936858
2025-06-26,10.021889,5.103070,8.452756,5.859694,8.140000,13.907413,15.881391,16.297979
2025-06-27,10.182163,5.112960,8.693752,5.877451,8.720000,13.818516,15.843217,16.364500
2025-06-30,10.229303,5.122849,8.666975,6.028384,8.690000,13.793778,15.995923,16.554564
2025-07-01,10.700699,5.172298,8.765160,6.028384,9.350000,13.981787,16.396774,16.982210
2025-07-02,11.096671,5.142629,9.175746,6.048811,9.380000,13.843254,16.606745,17.295816
2025-07-03,11.134382,5.132740,9.122192,6.146518,9.270000,13.764093,16.740362,17.542898
2025-07-07,10.926969,5.073401,8.872269,6.075459,9.190000,13.496927,16.740362,17.381344
2025-07-08,11.011821,5.093181,8.916898,6.048811,9.320000,13.526611,16.683098,17.561905
2025-07-09,11.153239,5.043732,8.800862,5.906696,9.120000,13.378185,16.625834,17.542898
2025-07-10,11.228663,5.004174,8.890121,5.657992,9.340000,13.397975,16.759447,17.571405
2025-07-11,11.106099,4.925056,9.050786,5.595818,9.110000,13.279234,16.597198,17.419357
2025-07-14,11.200380,4.826159,8.836565,5.569170,9.540000,13.249548,16.291790,17.447866
2025-07-15,10.908113,4.697594,8.649123,5.586935,9.480000,12.863638,15.805038,17.001215
2025-07-16,10.596991,4.697594,8.729456,5.622463,9.660000,13.021960,15.881391,17.077240
2025-07-17,10.512139,4.727263,8.756234,5.729052,9.910000,13.120912,16.205889,17.457371
2025-07-18,10.521569,4.697594,8.720531,5.595818,10.010000,13.308919,15.948202,17.580910
2025-07-21,10.662988,4.697594,9.041860,5.675758,9.880000,13.239653,16.043642,17.371841
2025-07-22,10.549851,4.410793,9.256080,5.604700,10.350000,13.516716,15.900481,17.780478
2025-07-23,10.728982,4.470131,9.282857,5.729052,10.070000,13.585982,16.053185,17.866005
2025-07-24,10.615848,4.292118,9.131118,5.640229,9.740000,13.704724,15.881391,17.580910
2025-07-25,10.813833,4.282228,8.925824,5.657992,9.770000,13.932310,16.072273,17.647432
2025-07-28,10.634702,4.213000,8.783010,5.489230,9.690000,13.833359,15.881391,17.523891
2025-07-29,10.446144,4.180000,8.827640,5.551407,9.330000,13.843254,15.986378,17.476374
2025-07-30,10.248158,4.110000,8.595568,5.578052,9.320000,13.872940,15.824126,17.257803
2025-07-31,10.436715,4.080000,8.506310,5.569170,9.430000,13.872940,15.680966,17.029728
2025-08-01,10.201018,4.050000,8.666975,5.586935,9.050000,13.971891,15.308747,16.773140
2025-08-04,10.323582,4.090000,8.791937,5.714011,9.470000,14.882240,15.528261,16.944197
2025-08-05,10.427289,4.090000,8.809789,5.758445,9.390000,15.010877,15.461452,16.925190
2025-08-06,10.568707,4.120000,8.791937,5.909515,7.780000,14.971295,15.308747,16.621088
2025-08-07,10.634702,4.110000,8.916898,6.069471,7.540000,14.892136,15.146496,16.545063
2025-08-08,10.672416,4.100000,9.122192,6.096130,7.410000,14.842661,15.356465,16.735130
2025-08-11,10.643752,4.100000,9.104341,6.096130,7.190000,14.951506,15.280114,16.507050
2025-08-12,10.748850,4.140000,9.282857,6.309407,7.270000,15.297836,15.719143,17.020220
2025-08-13,10.930387,4.190000,9.307788,6.229429,7.320000,15.090038,15.957744,17.314821
2025-08-14,10.930387,4.130000,9.150811,6.193883,7.080000,15.149410,16.043642,17.390846
2025-08-15,10.930387,4.200000,9.160046,6.193883,7.150000,14.862451,15.814584,17.143764
2025-08-18,10.949496,4.250000,9.058474,6.193883,7.340000,14.941611,15.919570,17.276806
2025-08-19,11.064150,4.210000,8.966133,5.909515,7.180000,15.436367,15.862304,17.248297
2025-08-20,10.978159,4.240000,8.975368,5.951707,7.160000,15.198884,16.034096,17.314821
2025-08-21,10.825287,4.240000,9.058474,5.960685,7.050000,14.516122,15.900481,17.248297
2025-08-22,11.217023,4.310000,9.344724,6.176130,7.200000,15.030666,16.568569,18.037064
2025-08-25,11.293460,4.340000,9.390894,6.167154,7.000000,14.753605,16.501760,18.075079
2025-08-26,11.312569,4.290000,9.437064,6.104315,7.020000,14.892136,16.692638,18.341166
2025-08-27,11.379451,4.320000,9.464765,6.247947,6.990000,14.921821,16.988508,18.426693
2025-08-28,11.188359,4.290000,9.464765,6.382600,7.100000,14.832765,16.988508,18.388683
2025-08-29,11.245687,4.300000,9.492466,6.409531,7.140000,15.119724,16.998053,18.398186
2025-09-02,11.197914,4.230000,9.390894,6.295476,7.330000,15.159304,16.873978,18.210888
2025-09-03,11.102368,4.380000,9.427830,6.232611,7.250000,15.188990,16.807169,18.201286
2025-09-04,11.159697,4.600000,9.473999,6.277514,7.090000,15.070248,17.064861,18.422197
2025-09-05,11.217023,4.550000,9.603273,6.376303,7.310000,14.931716,16.826260,18.191681
2025-09-08,11.169250,4.590000,9.649443,6.331398,7.220000,14.407276,16.921700,18.393381
2025-09-09,10.978159,4.590000,9.557104,6.277514,7.280000,14.812975,16.835802,18.345358
2025-09-10,10.911279,4.570000,9.695613,6.322418,7.050000,15.099934,16.854889,18.470221
2025-09-11,11.236133,4.620000,9.815654,6.358341,7.290000,15.565002,16.931242,18.402988
2025-09-12,11.159697,4.510000,9.852590,6.259553,7.340000,15.287940,16.959879,18.306936
2025-09-15,11.159697,4.550000,10.000333,6.412225,7.460000,15.179095,16.826260,18.095633
2025-09-16,11.092813,4.610000,10.074203,6.412225,7.740000,14.793184,16.635378,17.893927
2025-09-17,11.140587,4.700000,10.046501,6.528974,7.990000,14.931716,16.890566,17.970766
2025-09-18,11.217023,4.760000,10.009565,6.493051,8.440000,14.743709,17.208347,18.374172
2025-09-19,11.102368,4.740000,10.028033,6.582859,8.160000,14.753605,17.063898,18.326149
2025-09-22,11.140587,4.770000,10.028033,6.502031,8.530000,14.516122,16.688339,17.980370
2025-09-23,11.207469,4.850000,10.111139,6.654704,8.420000,14.575491,16.707600,17.999582
2025-09-24,11.111923,4.740000,10.000333,6.546936,8.220000,14.506227,16.726860,18.028399
2025-09-25,11.102368,4.680000,10.055736,6.466110,8.330000,14.288534,16.678709,18.066816
2025-09-26,11.474997,4.660000,9.880291,6.502031,8.270000,14.812975,16.775009,18.143654
2025-09-29,11.551432,4.700000,9.926461,6.582859,8.400000,14.902031,16.707600,18.134048
2025-09-30,11.427223,4.810000,10.028033,6.591839,7.710000,14.946632,16.630564,17.951557
2025-10-01,11.723413,4.820000,10.138841,6.457129,7.710000,15.521503,16.409079,17.778669
2025-10-02,11.675640,4.880000,10.175777,6.396933,8.220000,15.491770,16.409079,17.721039
2025-10-03,12.105596,4.900000,10.166543,6.441856,8.540000,15.759380,16.572783,17.893927
2025-10-06,12.134258,4.950000,10.425092,6.405918,8.520000,15.898144,16.091297,17.807484
2025-10-07,11.389005,5.070000,10.194243,6.235213,8.130000,16.056728,16.139446,17.682621
2025-10-08,11.217023,5.170000,10.249648,6.253183,8.430000,16.572128,15.734995,17.375263
2025-10-09,10.987715,5.180000,10.185011,6.226228,8.380000,16.096375,15.734995,17.461706
2025-10-10,10.901723,5.320000,9.926461,6.073493,7.780000,15.719735,15.022395,16.520428
2025-10-13,11.025933,5.250000,10.166543,6.172321,8.050000,15.828762,15.311287,16.866203
2025-10-14,11.131032,5.470000,10.129607,6.163337,7.920000,16.254959,15.734995,17.298424
2025-10-15,11.236133,5.650000,10.314285,6.172321,7.910000,16.532484,15.609808,17.029486
2025-10-16,11.217023,5.680000,10.258882,6.163337,7.760000,16.354074,14.800911,16.117023
2025-10-17,11.389005,5.740000,10.249648,6.226228,7.650000,16.274782,14.926098,16.289909
2025-10-20,11.455886,5.710000,10.526665,6.396933,7.730000,16.532484,15.253509,16.693316
2025-10-21,12.000495,5.580000,10.406625,6.316072,7.850000,16.601862,15.349807,16.846994
2025-10-22,11.876287,5.550000,10.637473,6.352012,7.770000,16.433367,15.282398,16.779758
2025-10-23,11.790295,6.170000,10.582068,6.378964,7.870000,16.155844,15.272769,16.827784
2025-10-24,13.223475,6.300000,10.535899,6.352012,7.950000,16.254959,15.474993,17.115932
2025-10-27,12.669313,6.360000,10.582068,6.414903,7.910000,16.284695,15.060914,16.914230
2025-10-28,12.545103,7.770000,10.729812,6.441856,7.740000,15.977437,14.964617,16.895018
2025-10-29,12.650204,7.330000,10.923724,6.603576,7.740000,15.620620,14.598687,16.712524
2025-10-30,12.478222,7.130000,10.979127,6.585607,7.600000,15.759380,14.752762,16.818180
2025-10-31,12.545103,6.910000,11.163805,6.612559,7.800000,15.818851,14.868319,16.895018
2025-11-03,12.430450,7.150000,11.265379,6.711389,7.820000,15.769293,14.800911,16.846994
2025-11-04,12.220250,6.810000,11.025296,6.633193,7.470000,16.017082,14.704615,16.626081
2025-11-05,12.525994,6.850000,11.366952,6.723075,7.300000,16.126108,14.723874,16.827784
2025-11-06,12.535548,6.910000,11.293080,6.732062,8.010000,16.185577,14.849060,16.895018
2025-11-07,12.767509,6.840000,11.219209,6.803967,8.210000,16.363985,15.109062,17.365658
2025-11-10,12.719185,6.970000,11.357718,6.857894,8.690000,16.413544,15.224620,17.404079
2025-11-11,12.854496,6.900000,11.394653,7.037657,8.760000,16.443279,15.234249,17.365658
2025-11-12,12.999471,7.020000,11.523928,6.866884,9.090000,16.661331,15.359436,17.096722
2025-11-13,12.835165,6.780000,11.431589,6.821943,8.580000,16.502747,15.128322,16.923836
2025-11-14,12.748178,6.730000,11.357718,6.866884,8.570000,16.344164,15.147582,16.923836
2025-11-17,12.448565,6.660000,11.237677,6.794979,8.180000,16.185577,14.733503,16.443588
2025-11-18,12.583874,6.640000,11.237677,6.759027,8.250000,16.007170,14.781652,16.510824
2025-11-19,12.467894,6.030000,11.191507,6.705098,8.030000,15.580974,14.810541,16.664499
2025-11-20,11.994308,5.870000,11.006829,6.606230,7.780000,15.699912,14.752762,16.597269
2025-11-21,12.400238,5.940000,11.163805,6.633193,7.690000,15.531416,15.292027,17.115932
2025-11-24,12.525885,6.090000,11.163805,6.633193,7.680000,15.808939,15.320917,17.183165
2025-11-25,12.728849,6.060000,11.256145,6.669146,7.640000,15.590884,15.580921,17.644201
2025-11-26,12.748178,6.080000,11.551630,6.884859,7.610000,15.868409,15.667588,17.673018
2025-11-28,12.835165,6.080000,11.643970,7.010693,7.680000,15.977437,15.696477,17.653803
2025-12-01,12.719185,6.120000,11.717840,6.911823,7.640000,15.699912,15.927593,17.884323
2025-12-02,12.525885,6.190000,11.902519,7.094353,7.620000,15.184510,15.946850,17.753214
2025-12-03,12.651530,6.260000,12.281110,7.121327,7.660000,15.095306,16.409079,18.209669
2025-12-04,12.699855,6.160000,12.521192,7.256200,7.760000,15.194423,16.466856,18.559296
2025-12-05,12.593538,6.070000,11.911752,6.788639,7.910000,15.025925,16.274260,18.704973
2025-12-08,12.699855,6.150000,11.828649,6.806623,8.030000,14.807871,16.312782,18.831226
2025-12-09,12.641865,6.180000,11.819414,6.833598,7.920000,14.857429,16.360928,19.404224
2025-12-10,12.960811,6.220000,11.994858,6.752672,7.920000,14.946632,16.909822,19.928661
2025-12-11,13.173442,6.360000,12.271875,6.909491,7.640000,14.698844,17.246866,20.093763
2025-12-12,13.299087,6.270000,12.337989,6.957011,7.310000,15.025925,17.160198,20.064629
2025-12-15,13.192771,6.200000,12.415771,7.080565,7.260000,15.224157,17.083158,19.870392
2025-12-16,13.212102,6.290000,12.367157,6.833458,7.370000,15.134954,16.977232,19.986933
2025-12-17,12.864161,6.220000,12.435215,6.690896,7.500000,15.541327,17.092791,20.200592
2025-12-18,12.873825,6.380000,12.415771,6.757425,7.630000,15.680089,17.087931,20.336559
2025-12-19,13.018802,6.500000,12.367157,6.766929,7.570000,15.590884,17.185078,20.375406
2025-12-22,13.009136,6.540000,12.785229,6.757425,7.940000,15.838674,17.408512,20.598778
2025-12-23,12.844831,6.530000,12.843565,6.909491,7.810000,15.719735,17.223934,20.443388
2025-12-24,12.912484,6.590000,12.785229,6.918996,7.850000,15.680089,17.233648,20.530794
2025-12-26,12.864161,6.620000,12.863009,6.947506,7.860000,15.630532,17.233648,20.579355
2025-12-29,12.835165,6.580000,12.561609,6.872045,7.880000,15.848586,17.078217,20.365692
2025-12-30,12.786839,6.510000,12.736616,7.048251,8.070000,15.937790,16.971355,20.132610
2025-12-31,12.680525,6.470000,12.668557,7.009094,8.070000,15.977559,16.854782,20.045202
2026-01-02,12.893155,6.510000,12.892179,7.077619,8.130000,16.176409,16.981071,20.375406
2026-01-05,13.018802,6.500000,13.183857,7.217663,8.250000,16.037212,17.369654,20.754168
2026-01-06,13.337747,6.470000,13.776936,7.296010,8.790000,16.057098,17.777664,20.948402
2026-01-07,13.279756,6.790000,13.864439,7.149112,8.620000,15.420781,17.622234,20.686184
2026-01-08,13.917648,6.490000,13.679708,7.256836,8.400000,15.629573,17.942814,20.880421
2026-01-09,13.724347,6.480000,13.582483,7.315597,8.210000,15.758825,17.719378,20.579355
2026-01-12,13.560042,6.580000,13.514424,7.237249,8.190000,15.609688,17.389084,20.462812
2026-01-13,13.511717,6.520000,13.718599,7.149112,7.990000,15.639515,17.000502,20.249153
2026-01-14,13.376408,6.360000,14.204730,7.207870,7.900000,15.619631,17.175364,20.346272
2026-01-15,13.347412,6.610000,14.263065,7.286216,7.760000,15.689227,17.437656,20.618202
2026-01-16,13.144446,6.550000,14.204730,7.227456,7.530000,15.520205,17.505659,20.559931
2026-01-20,12.835165,6.410000,14.515854,7.296010,7.350000,15.162277,17.476515,20.482235
2026-01-21,13.308752,6.440000,15.138100,7.697535,7.370000,15.082736,18.234253,21.064945
2026-01-22,13.250762,6.500000,15.303385,8.040300,7.660000,15.013139,17.136503,20.948402
2026-01-23,13.105786,6.770000,15.731179,8.118649,7.620000,14.864001,16.854782,20.491949
2026-01-26,12.989805,6.910000,15.264494,8.216581,7.560000,15.102620,16.845066,20.676472
2026-01-27,13.463392,6.940000,15.983968,8.598519,7.460000,15.082736,16.932499,20.841574
2026-01-28,13.357077,6.820000,16.295092,8.696454,7.670000,14.844117,16.573059,20.695896
2026-01-29,13.531048,6.290000,16.470098,8.745419,7.240000,15.072793,16.796495,21.006674
2026-01-30,13.415068,6.430000,15.624230,8.412445,6.930000,15.331299,16.981071,20.899845
2026-02-02,13.347412,6.660000,15.692288,8.520172,6.660000,14.993254,17.369654,21.366013
2026-02-03,13.270091,6.690000,16.528433,8.611280,6.100000,15.251760,17.865097,21.696213
2026-02-04,13.357077,6.800000,16.557602,8.317380,5.910000,16.136639,18.477118,21.997282
2026-02-05,13.260427,6.860000,15.828406,8.503518,5.120000,16.186352,18.477118,22.045841
2026-02-06,13.337747,7.070000,15.847850,8.807216,5.220000,16.305660,18.719980,22.541142
2026-02-09,13.134781,7.180000,16.324259,9.130506,5.190000,16.255949,18.457687,22.346907
2026-02-10,13.115450,7.080000,16.275644,9.110912,5.230000,16.653646,18.039961,22.278923
2026-02-11,13.386073,7.340000,16.897892,9.375422,4.990000,17.001635,17.418228,21.890451
2026-02-12,13.531048,6.970000,16.567324,9.091319,4.820000,17.458986,16.835354,21.132931
2026-02-13,13.794829,7.030000,16.188141,8.973758,4.830000,18.055538,16.767351,21.074657
2026-02-17,13.804600,7.300000,15.458946,8.983555,4.730000,17.916344,16.971355,21.064945
2026-02-18,13.531049,7.430000,15.556172,8.983555,4.880000,17.777147,17.379370,21.307741
2026-02-19,13.462659,7.600000,15.653399,9.081522,5.000000,17.995884,17.340509,21.162064
2026-02-20,13.687363,7.770000,16.246477,9.316645,5.140000,18.254387,17.495945,21.560249
2026-02-23,13.325885,7.570000,16.450653,8.983555,4.930000,18.373695,16.592489,20.404543
2026-02-24,13.872987,7.490000,16.557602,9.140303,4.970000,18.552660,16.534203,20.394831
2026-02-25,14.097692,7.570000,17.043732,9.071726,5.070000,18.542719,16.786781,20.851284
2026-02-26,14.078152,7.500000,16.829834,9.071726,5.260000,18.771395,17.039360,21.230047
2026-02-27,13.765521,7.720000,16.703440,8.865995,5.210000,18.890705,16.320480,20.142321
2026-03-02,13.081641,8.260000,16.518711,8.679857,5.260000,19.000072,16.485626,20.307425
2026-03-03,12.407531,8.070000,15.527005,8.231997,5.250000,18.811165,16.271910,20.076937
2026-03-04,12.514997,8.150000,15.614508,8.437798,5.370000,18.771395,16.349625,20.312326
2026-03-05,12.055821,7.850000,14.992261,8.094798,5.340000,18.025709,16.203905,19.978857
2026-03-06,11.870196,7.740000,14.554744,7.977198,5.160000,18.075422,15.844465,19.478649
2026-03-09,11.909275,7.890000,14.904757,8.124200,5.130000,18.065479,15.659890,19.311914
2026-03-10,11.958124,7.800000,15.196436,8.310397,4.910000,18.115192,15.533601,19.380571
2026-03-11,11.831118,7.900000,14.914480,8.280997,4.860000,18.035652,15.193590,19.272682
2026-03-12,11.762730,8.140000,14.651970,7.937999,4.650000,17.966055,15.038157,18.850939
2026-03-13,11.401252,8.240000,14.272788,7.820398,4.560000,18.035652,14.775863,18.537083
2026-03-16,11.440331,8.650000,14.632524,8.035998,4.680000,18.343870,14.843865,18.595932
2026-03-17,11.665032,8.550000,14.681138,7.977198,4.650000,18.254387,14.950727,18.733242
2026-03-18,11.518487,8.360000,14.282511,7.898799,4.620000,18.065479,14.828058,18.703819
2026-03-19,11.371942,8.300000,14.224175,7.957598,4.560000,18.085365,14.886939,18.909788
2026-03-20,11.254706,7.980000,13.660264,7.683199,4.480000,17.220367,14.808431,19.037291
2026-03-23,11.489179,8.060000,14.379737,8.046994,4.510000,17.289965,15.004700,19.272682
2026-03-24,11.567336,8.250000,14.457518,7.958022,4.360000,17.240253,15.191154,19.439417
2026-03-25,11.401252,8.410000,14.720029,8.116195,4.490000,17.339678,15.250035,19.615961
2026-03-26,11.332863,8.280000,14.535298,7.869051,4.010000,17.270081,15.142088,19.498264
2026-03-27,11.108160,7.980000,14.613079,7.780078,3.930000,17.071232,14.798617,19.076525
2026-03-30,10.951844,7.960000,14.681138,7.780078,4.020000,17.379448,14.739738,19.027481
2026-03-31,11.274245,8.040000,15.468669,8.284252,4.600000,17.519043,15.357982,19.664999
2026-04-01,11.411021,8.270000,15.604785,8.392995,4.900000,17.698521,15.583691,19.949432
2026-04-02,11.332863,8.820000,15.740903,8.247623,4.630000,17.718464,15.495370,20.076937
2026-04-06,11.342632,8.890000,15.692288,8.336628,4.710000,17.618753,15.642570,20.263288
2026-04-07,11.254706,8.850000,15.731179,8.297071,4.800000,17.568899,15.583691,20.224056
2026-04-08,11.899507,9.440000,16.275644,8.722306,4.730000,18.336664,16.044920,20.881191
2026-04-09,11.958124,9.550000,16.188141,8.910203,4.950000,18.575968,16.280441,21.234278
2026-04-10,11.850657,9.460000,16.489542,9.058540,4.820000,18.486231,16.074362,21.047926
2026-04-13,11.879967,10.370000,16.965952,9.068431,5.150000,17.688549,16.309883,21.302935
2026-04-14,12.417301,10.350000,17.189571,9.206880,5.600000,17.509071,16.280441,21.214661
2026-04-15,12.417301,9.990000,17.131235,9.285994,6.040000,17.339563,16.358950,21.155815
2026-04-16,12.153518,10.290000,16.946507,9.226658,6.020000,17.319624,16.260815,21.253893
2026-04-17,12.573616,10.310000,17.286797,9.276105,6.030000,17.209942,16.535591,21.381397
2026-04-20,12.573616,10.600000,17.325687,9.177211,6.000000,17.299681,16.741673,21.763910
2026-04-21,12.485688,10.400000,16.965952,8.989316,5.640000,16.930754,16.653351,21.675638
2026-04-22,12.339143,9.860000,17.024286,8.920093,5.840000,16.831043,16.506151,21.616791
2026-04-23,12.192597,10.330000,16.664549,8.712418,5.570000,16.781189,16.515965,21.587366
2026-04-24,12.094900,10.460000,16.693718,8.751975,5.650000,16.561827,16.093988,21.214661
2026-04-27,12.202367,10.760000,16.596491,8.702529,6.060000,16.342464,16.221563,21.489286
2026-04-28,12.114439,11.300000,16.440929,8.751975,5.950000,16.212843,16.241188,21.538324
2026-04-29,11.958124,12.460000,15.410334,8.435518,5.980000,16.322523,16.005667,21.253893
2026-04-30,11.801809,12.910000,15.906187,8.603635,6.070000,16.571798,16.447271,21.685446
2026-05-01,11.606416,13.300000,15.731179,8.524522,6.290000,16.402292,16.319696,21.450056
2026-05-04,11.235167,13.140000,15.400611,8.376184,6.170000,16.162987,15.858466,21.244085
2026-05-05,11.420791,13.420000,15.488114,8.478079,6.110000,16.282639,16.103802,21.450056
2026-05-06,11.889736,13.190000,16.032579,8.359365,6.110000,16.153017,16.329510,21.803141
2026-05-07,11.899507,12.350000,15.740903,8.092261,5.980000,16.143045,15.887907,21.273512
2026-05-08,12.036282,12.820000,16.168695,8.280224,6.080000,16.023394,15.819213,21.185238
2026-05-11,11.772500,13.920000,16.596491,8.092261,5.750000,16.162987,15.662197,20.900806
2026-05-12,11.861535,13.170000,16.557602,8.013119,5.550000,16.761246,15.544436,20.871384
2026-05-13,13.424606,14.710000,16.372871,7.765800,5.610000,16.551857,15.063581,20.351561
2026-05-14,14.324857,14.460000,16.120083,8.013119,5.360000,16.761246,15.220594,20.675224
2026-05-15,13.256428,13.950000,15.867295,7.755908,5.530000,16.083218,15.122460,20.635994
2026-05-18,12.890392,13.740000,15.857573,7.805372,5.670000,15.804031,15.279474,20.665415
2026-05-19,12.920072,13.670000,15.565895,7.597624,5.550000,16.362408,15.171527,20.518295
2026-05-20,13.078358,13.620000,15.896464,7.854835,5.620000,16.262697,15.524810,20.998886
2026-05-21,13.523536,14.180000,16.013134,7.914192,5.690000,16.392321,15.554251,21.077349
2026-05-22,14.770036,15.470000,16.022858,7.736123,5.720000,16.442175,15.622945,21.146006
2026-05-26,15.155857,16.459999,16.042303,7.854835,5.750000,16.372377,15.760331,21.351974
2026-05-27,15.709857,15.680000,16.052025,7.874621,5.880000,16.482059,15.730892,21.087158
2026-05-28,16.471607,15.280000,16.090916,7.795479,5.910000,16.242756,15.819213,20.930231
2026-05-29,17.253143,14.840000,15.799237,7.795479,5.710000,16.292610,16.054733,20.920422
2026-06-01,16.451820,16.250000,15.847850,7.706445,5.860000,16.103161,15.534623,20.498680
2026-06-02,15.976964,16.850000,16.353426,7.778689,5.760000,16.521942,15.927158,20.979078
2026-06-03,15.541678,16.730000,15.614508,7.511483,5.730000,16.801132,15.632758,20.681923
2026-06-04,15.175643,16.620001,15.332553,7.560965,6.070000,16.771217,16.221563,21.464430
2026-06-05,14.740356,14.380000,14.807531,7.461999,5.760000,17.060377,16.211750,21.553577
2026-06-08,14.839286,14.590000,14.574189,7.353137,5.650000,16.432203,16.182308,21.583292
2026-06-09,14.789821,13.850000,14.720029,7.452103,5.590000,16.531914,16.506151,21.890352
2026-06-10,14.146786,13.400000,14.515854,7.541172,5.380000,16.671507,16.525778,21.771488
2026-06-11,14.552393,14.090000,14.933925,7.828172,5.330000,16.741306,16.888872,22.118170
2026-06-12,14.681000,14.800000,15.274217,7.907344,5.260000,16.900841,17.193090,22.484659
2026-06-15,14.611751,14.820000,15.556172,7.867758,5.710000,16.531914,16.888872,22.207315
2026-06-16,14.255607,13.980000,15.536727,7.867758,5.160000,16.691450,16.996820,22.534185
2026-06-17,13.810429,13.830000,15.099210,7.887551,4.740000,16.392321,16.684908,22.385609
2026-06-18,13.909357,13.490000,14.992261,7.709414,4.660000,16.432203,16.694811,22.375704
2026-06-22,13.958821,14.430000,15.274217,7.921177,4.630000,16.581768,16.882948,22.613426
2026-06-23,13.850000,13.700000,14.885313,7.931166,4.460000,16.721363,17.229519,22.801624
2026-06-24,13.691714,13.810000,14.428350,7.871233,4.530000,17.070349,17.407755,22.900677
2026-06-25,13.958821,13.980000,14.700583,8.021066,4.340000,17.030464,17.724619,23.187923
2026-06-26,13.978607,13.010000,14.651970,8.220843,4.410000,17.329594,17.615700,23.039347
2026-06-29,13.869786,13.030000,14.613079,8.210854,4.420000,17.190001,17.645403,22.930389
2026-06-30,13.751071,13.280000,14.622802,8.160911,4.440000,16.820000,17.556286,22.831339
2026-07-01,13.493857,12.910000,14.486685,8.120955,4.750000,16.570000,17.932564,23.029442
2026-07-02,13.216857,12.070000,14.574189,8.113960,4.840000,17.049999,17.685013,22.801624
2026-07-06,13.681821,12.510000,14.671415,8.283834,4.750000,16.820000,17.714718,23.207735
2026-07-07,13.414715,11.850000,14.282511,8.223878,4.650000,17.180000,17.833542,23.148304
2026-07-08,13.355357,11.950000,13.660264,8.153931,4.630000,17.049999,17.288931,22.425228
2026-07-09,13.464178,12.900000,13.825548,8.273841,4.700000,17.180000,17.585993,22.880865
2026-07-10,13.850000,12.440000,14.058890,8.613587,4.680000,17.170000,17.694916,23.078966
2026-07-13,13.701608,11.690000,13.786658,8.463700,4.660000,17.370001,17.754326,22.999725
2026-07-14,13.790643,11.700000,14.185285,8.543640,4.680000,17.440001,17.675110,23.078966
2026-07-15,14.028071,11.250000,14.263065,8.443714,4.760000,17.510000,17.942465,23.306786
2026-07-16,14.037964,10.380000,13.825548,8.293826,4.690000,17.530001,18.378153,23.762421
2026-07-17,14.077536,10.120000,13.796380,8.193900,4.530000,17.320000,18.071192,23.326595
2026-07-20,13.840107,10.080000,13.708878,8.313810,4.560000,17.430000,17.883053,23.098778
2026-07-21,14.117107,10.630000,13.854716,8.393751,4.560000,17.490000,17.991976,22.732288
2026-07-22,14.265500,10.280000,14.438073,8.473692,4.470000,18.110001,18.090996,22.890770
2026-07-23,13.998392,9.730000,14.418627,8.343789,4.410000,17.540001,17.229519,22.504469
2026-07-24,14.216036,9.100000,14.379737,8.273841,4.350000,17.850000,17.189911,22.435133
2026-07-27,14.522715,9.280000,14.370014,8.363774,4.520000,17.600000,16.991871,22.296461
2026-07-28,14.799714,8.930000,14.292233,8.303819,4.770000,17.780001,17.130499,22.415323
2026-07-29,15.116285,8.410000,14.243620,8.143937,4.730000,17.709999,16.675007,21.969593
2026-07-30,14.700786,9.090000,14.574189,8.433722,4.690000,17.780001,16.912655,22.395514
2026-07-31,14.522715,9.140000,14.642247,8.453708,4.690000,17.379999,16.873047,22.375704
2026-08-03,14.275393,9.360000,14.175562,8.483685,5.040000,17.430000,17.189911,22.593615
2026-08-04,14.087428,9.920000,14.418627,8.186800,5.790000,17.450001,17.387951,22.880865
2026-08-05,13.978607,9.580000,14.525576,8.206793,5.330000,17.200001,17.427561,22.870960
2026-08-06,13.642250,9.430000,14.311679,8.176805,5.220000,17.000000,17.189911,22.445038
2026-08-07,13.830214,9.360000,14.301956,7.936898,5.330000,17.459999,17.378048,22.514374
2026-08-10,13.850000,9.130000,14.476963,7.876922,5.350000,17.040001,17.427561,22.464849
2026-08-11,13.980000,9.440000,13.922774,7.497070,5.510000,17.299999,17.595894,22.474754
2026-08-12,13.830000,10.320000,14.020000,7.397110,5.200000,17.379999,17.685013,22.672855
2026-08-13,13.890000,10.560000,13.800000,7.337133,5.300000,17.459999,17.595894,22.771908
2026-08-14,14.370000,10.760000,13.630000,7.397110,5.410000,17.840000,17.734522,23.088873
2026-08-17,14.050000,10.780000,13.750000,7.357125,5.180000,17.500000,17.774132,22.821434
2026-08-18,13.930000,10.390000,13.680000,7.267160,5.110000,17.820000,17.486971,22.573807
2026-08-19,14.500000,10.130000,13.900000,7.367121,5.240000,17.650000,17.001772,21.890352
2026-08-20,13.990000,10.150000,14.230000,7.167199,5.210000,17.959999,16.843340,21.642723
2026-08-21,14.410000,10.210000,14.590000,7.477078,5.240000,17.600000,16.863146,21.662535
2026-08-24,13.930000,9.960000,15.040000,7.517062,5.530000,18.110001,16.873047,21.662535
2026-08-25,13.950000,10.350000,15.330000,7.657008,5.920000,18.360001,16.783928,21.682343
2026-08-26,13.900000,10.410000,15.160000,7.607028,5.420000,18.219999,16.873047,21.880445
2026-08-27,13.950000,10.590000,15.310000,7.527059,5.330000,17.950001,16.694811,21.811110
2026-08-28,13.880000,10.210000,15.030000,7.497070,5.430000,16.600000,16.754223,21.702154
2026-08-31,13.940000,10.140000,15.090000,7.607028,5.550000,13.270000,16.526476,21.405001
2026-09-01,13.840000,9.930000,15.120000,7.677000,5.350000,14.060000,16.259121,21.209999
2026-09-02,14.140000,9.840000,15.730000,8.080000,5.590000,13.330000,16.714613,21.799999
2026-09-03,14.410000,9.770000,15.310000,8.220000,5.700000,13.960000,16.892849,22.120001
2026-09-04,14.620000,10.030000,15.270000,8.150000,5.470000,14.300000,16.863146,22.180000
2026-09-08,14.000000,10.650000,15.560000,8.310000,5.430000,14.820000,16.595789,21.790001
2026-09-09,13.450000,10.760000,15.440000,8.080000,5.310000,14.190000,16.467062,21.730000
2026-09-10,13.880000,10.620000,15.280000,8.300000,5.520000,14.030000,16.566084,21.730000
2026-09-11,13.970000,11.130000,15.230000,8.330000,5.680000,13.800000,16.694811,21.840000
2026-09-14,13.860000,9.650000,14.610000,8.230000,5.840000,13.600000,16.605692,21.930000
2026-09-15,13.500000,9.840000,14.470000,8.260000,5.830000,13.150000,16.585888,21.700001
2026-09-16,13.350000,10.140000,14.130000,8.290000,5.720000,13.350000,15.664999,20.719999
2026-09-17,13.610000,10.600000,14.470000,8.290000,5.650000,13.380000,15.880000,20.950001
2026-09-18,13.210000,10.680000,14.210000,8.200000,5.530000,13.200000,15.880000,20.809999
2026-09-21,13.170000,10.940000,14.150000,8.450000,5.700000,12.940000,16.040001,20.870001
2026-09-22,13.100000,10.820000,14.190000,8.430000,5.620000,12.880000,15.690000,20.480000
2026-09-23,12.940000,10.630000,13.820000,8.180000,5.290000,12.410000,15.380000,20.240000
2026-09-24,12.600000,10.430000,13.560000,8.080000,5.430000,12.320000,15.310000,20.250000
2026-09-25,12.710000,10.390000,13.610000,8.110000,5.420000,12.340000,15.640000,20.610001
2026-09-28,12.380000,10.120000,13.590000,7.990000,5.220000,11.950000,15.300000,20.400000
2026-09-29,12.300000,10.360000,13.300000,8.090000,5.340000,12.180000,15.270000,20.120001
2026-09-30,12.060000,10.140000,13.410000,8.530000,5.400000,12.250000,15.260000,20.070000
